event_id,event_timestamp,user_id,department,user_role,access_type,resource_name,storage_layer,transmission_layer,device_type,geo_region,data_sensitivity_level,records_accessed,bytes_transferred_mb,session_duration_min,failed_logins_24h,prior_alerts_30d,unusual_ip_flag,unmanaged_device_flag,encryption_in_transit_flag,encryption_at_rest_flag,privilege_level,off_hours_access_flag,cross_region_access_flag,concurrent_sessions,velocity_access_count_1h,genai_anomaly_score,auth_confidence_score,dlp_policy_hits,risk_score,step_up_auth_required,authentication_result,anomaly_flag,unauthorized_access_flag,breach_scenario_label
E0001,2026-03-30 02:25:00,U1141,Corporate Banking,Analyst,READ,Credit_Risk_Model,At Rest,Public Internet,Service Account,IN-MH,4,23,40.29,17.9,0,0,0,0,1,1,2,1,0,3,3,0.051,0.990,1,25.2,0,Success,0,0,Normal
E0002,2026-03-17 11:00:00,U1024,Risk,Associate,LOGIN,KYC_Doc_Store,At Rest,Private API,Server,IN-KA,4,92,23.92,18.6,0,1,0,0,1,1,4,0,0,3,1,0.025,0.990,0,32.3,0,Success,0,0,Normal
E0003,2026-03-30 06:09:00,U1136,Finance,Manager,READ,KYC_Doc_Store,Archive,Private API,Unmanaged Laptop,IN-MH,2,67,69.49,11.1,0,7,0,1,1,1,1,1,0,2,7,0.521,0.871,1,56.9,1,Step-Up,1,0,Monitor
E0004,2026-03-08 08:27:00,U1251,Retail Banking,Ops Lead,READ,Audit_Archive,Backup,Internal LAN,Managed Laptop,IN-DL,1,19,45.54,11.5,0,2,0,0,1,1,5,0,0,4,6,0.419,0.888,0,18.1,0,Success,0,0,Normal
E0005,2026-03-23 02:12:00,U1293,Risk,Manager,EXPORT,Treasury_Trades,Archive,Private API,Managed Laptop,IN-MH,4,45,54.34,17.7,0,1,0,0,1,1,4,1,0,1,4,0.248,0.942,0,23.3,0,Failure,0,0,Normal
E0006,2026-03-08 01:04:00,U1112,Risk,Auditor,API_CALL,Customer_PII_DB,Backup,Internal LAN,Mobile,IN-TN,5,30,44.77,8.7,2,0,0,0,1,1,4,1,0,3,3,0.410,0.787,1,56.2,0,Success,1,0,Monitor
E0007,2026-03-07 00:40:00,U1126,Operations,Associate,WRITE,Credit_Risk_Model,Archive,Private API,VDI,IN-DL,5,26,33.13,18.4,0,1,0,0,1,1,1,1,0,1,10,0.119,0.990,0,49.5,0,Success,1,0,Monitor
E0008,2026-03-02 19:34:00,U1128,Operations,Director,LOGIN,Audit_Archive,Archive,SFTP,VDI,AE,2,128,46.63,2.3,0,0,0,0,1,1,1,0,1,3,3,0.414,0.846,2,30.0,0,Success,0,0,Normal
E0009,2026-03-02 17:47:00,U1177,Corporate Banking,Risk Officer,LOGIN,Audit_Archive,Archive,VPN,Mobile,IN-KA,5,54,114.82,6.7,3,3,0,0,1,1,1,0,0,3,3,0.301,0.893,3,51.6,1,Step-Up,0,0,Monitor
E0010,2026-03-21 02:57:00,U1087,Risk,DB Admin,LOGIN,KYC_Doc_Store,Backup,Internal LAN,Service Account,IN-MH,3,39,23.88,5.4,1,0,0,0,1,1,2,1,0,1,1,0.333,0.776,0,26.4,0,Success,0,0,Normal
E0011,2026-03-21 03:24:00,U1082,Wealth Management,DB Admin,LOGIN,HR_Payroll,Archive,Internal LAN,Managed Laptop,SG,5,64,22.46,7.8,2,0,0,0,1,1,2,1,1,2,3,0.208,0.990,0,48.0,0,Success,1,0,Monitor
E0012,2026-03-20 01:40:00,U1113,Risk,DB Admin,READ,HR_Payroll,At Rest,Internal LAN,VDI,UK,2,310,38.25,6.7,0,0,0,0,1,1,4,1,1,1,2,0.292,0.955,1,20.7,0,Success,0,0,Normal
E0013,2026-03-12 15:53:00,U1311,Operations,Manager,EXPORT,Payments_Ledger,In Transit,SFTP,Managed Laptop,IN-MH,3,238,10.86,19.8,1,0,0,0,1,1,1,0,0,4,1,0.207,0.863,2,21.7,0,Success,0,0,Normal
E0014,2026-03-25 11:49:00,U1224,Finance,DB Admin,LOGIN,KYC_Doc_Store,Backup,Private API,Server,IN-MH,4,31,38.24,7.8,1,0,0,0,1,1,3,0,0,2,2,0.252,0.863,1,30.0,0,Success,0,0,Normal
E0015,2026-03-17 19:04:00,U1218,Finance,Ops Lead,PRIV_ESC,Audit_Archive,Backup,Public Internet,Managed Laptop,IN-KA,1,109,41.38,17.6,0,2,0,0,1,1,3,0,0,1,5,0.072,0.862,0,18.9,0,Success,0,0,Normal
E0016,2026-03-04 08:55:00,U1077,Retail Banking,Manager,LOGIN,KYC_Doc_Store,At Rest,SFTP,Managed Laptop,UK,5,98,55.18,23.3,0,0,0,0,1,1,1,0,1,3,1,0.089,0.744,0,45.7,1,Step-Up,0,0,Monitor
E0017,2026-03-29 10:43:00,U1059,Risk,Risk Officer,DELETE,Credit_Risk_Model,Backup,Private API,Managed Laptop,IN-MH,3,153,83.99,11.6,0,0,0,0,1,1,5,0,0,1,3,0.033,0.936,3,44.1,0,Success,0,0,Monitor
E0018,2026-03-23 09:05:00,U1179,Corporate Banking,DB Admin,WRITE,Audit_Archive,At Rest,Private API,Managed Laptop,SG,3,101,14.07,11.6,0,1,0,0,1,1,4,0,1,3,10,0.327,0.827,1,42.9,0,Success,0,0,Monitor
E0019,2026-03-22 00:01:00,U1256,Corporate Banking,Manager,API_CALL,KYC_Doc_Store,Backup,VPN,Unmanaged Laptop,IN-TN,4,75,97.26,3.7,0,3,0,1,1,1,3,1,0,8,5,0.163,0.812,3,66.1,1,Step-Up,1,0,Data Exfiltration Risk
E0020,2026-03-18 08:24:00,U1254,Wealth Management,Manager,API_CALL,Credit_Risk_Model,Backup,Private API,Server,IN-TN,5,120,39.68,6.1,1,1,0,0,1,1,4,0,0,3,1,0.595,0.850,0,55.5,1,Step-Up,1,0,Monitor
E0021,2026-03-18 09:50:00,U1299,Risk,DB Admin,READ,HR_Payroll,Backup,VPN,VDI,US,4,25,17.92,15.9,0,2,0,0,1,1,4,0,1,1,3,0.007,0.990,2,20.6,0,Success,0,0,Normal
E0022,2026-03-12 09:45:00,U1021,Treasury,Associate,WRITE,HR_Payroll,At Rest,VPN,VDI,IN-MH,3,42,4.38,23.6,0,0,0,0,1,1,4,0,0,4,4,0.367,0.777,0,29.1,0,Success,0,0,Normal
E0023,2026-03-12 22:21:00,U1056,Wealth Management,Ops Lead,LOGIN,HR_Payroll,At Rest,VPN,Service Account,IN-KA,5,42,18.94,7.9,0,3,0,0,1,1,4,1,0,3,6,0.418,0.813,0,64.0,1,Failure,1,0,Data Exfiltration Risk
E0024,2026-03-13 13:20:00,U1233,Risk,Associate,READ,Treasury_Trades,At Rest,Internal LAN,Managed Laptop,AE,5,81,52.47,51.8,1,0,0,0,1,1,2,0,1,2,2,0.591,0.761,0,50.1,0,Success,1,0,Monitor
E0025,2026-03-30 23:41:00,U1016,Compliance,DB Admin,READ,HR_Payroll,Archive,VPN,Managed Laptop,SG,4,79,12.92,13.2,5,1,0,0,1,1,1,1,1,3,20,0.276,0.945,0,63.7,1,Step-Up,1,0,Credential Abuse Suspected
E0026,2026-03-22 14:01:00,U1044,Corporate Banking,Associate,READ,Payments_Ledger,Backup,Private API,Mobile,IN-DL,5,88,11.38,28.6,2,0,0,0,1,1,1,0,0,2,5,0.075,0.914,0,42.6,0,Success,0,0,Monitor
E0027,2026-03-16 11:10:00,U1093,Operations,Analyst,API_CALL,AML_Case_Files,At Rest,Internal LAN,VDI,IN-MH,5,31,21.19,36.9,0,0,1,0,1,1,2,0,0,1,3,0.188,0.930,0,44.1,0,Success,0,0,Monitor
E0028,2026-03-10 07:17:00,U1071,Compliance,Director,LOGIN,KYC_Doc_Store,Backup,Internal LAN,Unmanaged Laptop,IN-TN,2,35,30.03,31.6,0,1,0,1,1,0,1,0,0,5,6,0.215,0.697,0,26.3,0,Success,0,0,Normal
E0029,2026-03-16 21:36:00,U1121,Operations,Manager,READ,KYC_Doc_Store,In Transit,Internal LAN,Managed Laptop,UK,1,64,57.24,36.1,1,1,0,0,1,1,3,1,1,2,3,0.246,0.990,1,17.7,0,Success,0,0,Normal
E0030,2026-03-02 20:48:00,U1165,Finance,Director,EXPORT,Credit_Risk_Model,At Rest,VPN,Server,US,1,67,16.19,10.6,0,0,0,0,1,1,4,0,1,5,3,0.337,0.887,3,23.3,0,Success,0,0,Normal
E0031,2026-03-06 20:50:00,U1287,Corporate Banking,Auditor,WRITE,Audit_Archive,In Transit,Public Internet,Server,UK,5,67,11.84,7.1,1,1,0,0,1,1,5,0,1,1,6,0.110,0.788,1,48.7,0,Success,1,0,Monitor
E0032,2026-03-21 10:20:00,U1159,Risk,Director,API_CALL,HR_Payroll,In Transit,Internal LAN,Service Account,AE,4,434,30.17,7.6,1,2,1,0,1,1,4,0,1,5,8,0.276,0.870,0,79.4,1,Step-Up,1,1,Anomalous Access Pattern
E0033,2026-03-30 13:55:00,U1071,Operations,Manager,READ,HR_Payroll,In Transit,Public Internet,Unmanaged Laptop,IN-DL,1,89,49.26,7.0,1,1,1,1,1,1,4,0,0,2,4,0.068,0.895,0,32.4,0,Failure,0,0,Normal
E0034,2026-03-22 09:30:00,U1192,Retail Banking,Risk Officer,READ,Customer_PII_DB,Backup,Public Internet,Managed Laptop,UK,1,324,23.56,16.0,0,2,0,0,1,1,2,0,1,2,24,0.189,0.844,0,28.9,0,Success,0,0,Normal
E0035,2026-03-18 14:19:00,U1255,Operations,Manager,LOGIN,Audit_Archive,Backup,Private API,VDI,IN-MH,5,46,21.43,9.8,0,0,0,0,1,1,3,0,0,2,10,0.045,0.990,1,39.3,0,Success,0,0,Normal
E0036,2026-03-17 11:33:00,U1310,Wealth Management,Analyst,READ,HR_Payroll,Backup,Internal LAN,VDI,IN-DL,5,49,39.71,16.3,1,1,0,0,1,1,2,0,0,4,10,0.031,0.740,0,53.7,1,Step-Up,1,0,Monitor
E0037,2026-03-07 07:41:00,U1014,Risk,DB Admin,WRITE,Audit_Archive,Archive,Private API,Mobile,IN-DL,1,21,53.04,10.3,0,0,0,0,1,0,4,0,0,3,5,0.115,0.776,1,17.1,0,Success,0,0,Normal
E0038,2026-03-23 20:56:00,U1088,Treasury,Manager,LOGIN,Audit_Archive,At Rest,Private API,Managed Laptop,IN-MH,5,42,38.83,14.0,0,0,0,0,1,1,4,0,0,2,1,0.199,0.829,1,37.7,0,Success,0,0,Normal
E0039,2026-03-05 09:44:00,U1197,Retail Banking,Auditor,API_CALL,AML_Case_Files,In Transit,SFTP,Service Account,US,5,101,20.56,12.1,0,0,0,0,1,1,5,0,1,2,4,0.310,0.927,0,48.3,0,Success,0,0,Monitor
E0040,2026-03-23 22:46:00,U1320,Finance,Auditor,LOGIN,Payments_Ledger,In Transit,SFTP,Unmanaged Laptop,UK,3,76,8.77,10.9,0,1,0,1,1,1,5,1,1,2,4,0.356,0.885,1,38.4,0,Success,0,0,Normal
E0041,2026-03-19 22:58:00,U1306,Compliance,Analyst,DOWNLOAD,Treasury_Trades,At Rest,VPN,Managed Laptop,SG,5,132,53.65,16.0,0,0,0,0,1,1,4,1,1,3,2,0.385,0.836,2,64.1,1,Step-Up,1,0,Anomalous Access Pattern
E0042,2026-03-09 18:00:00,U1286,Risk,Auditor,WRITE,KYC_Doc_Store,Backup,Public Internet,VDI,IN-TN,4,124,6.02,19.7,0,1,0,0,1,1,4,0,0,1,3,0.054,0.826,0,34.6,0,Failure,0,0,Normal
E0043,2026-03-30 17:07:00,U1103,Finance,DB Admin,LOGIN,KYC_Doc_Store,Backup,Internal LAN,Managed Laptop,UK,5,13,80.94,18.1,1,2,0,0,1,0,3,0,1,2,3,0.158,0.706,0,61.4,1,Blocked,1,1,Credential Abuse Suspected
E0044,2026-03-19 10:54:00,U1045,Wealth Management,Ops Lead,WRITE,Payments_Ledger,In Transit,SFTP,Unmanaged Laptop,AE,1,41,11.24,15.3,0,0,0,1,1,1,5,0,1,5,3,0.239,0.990,2,36.4,0,Success,0,0,Normal
E0045,2026-03-04 17:25:00,U1040,Finance,Ops Lead,API_CALL,Payments_Ledger,At Rest,Private API,Service Account,IN-MH,5,29,30.93,5.5,0,1,0,0,1,1,4,0,0,1,5,0.640,0.828,0,50.8,1,Step-Up,1,0,Monitor
E0046,2026-03-22 11:37:00,U1210,Retail Banking,Auditor,READ,Credit_Risk_Model,Archive,Internal LAN,Service Account,IN-TN,4,36,48.52,15.8,0,1,0,0,1,1,2,0,0,7,13,0.407,0.812,0,66.1,1,Failure,1,0,Credential Abuse Suspected
E0047,2026-03-28 00:44:00,U1307,Retail Banking,DB Admin,LOGIN,Customer_PII_DB,In Transit,Public Internet,Unmanaged Laptop,IN-MH,2,385,38.37,64.9,0,2,0,1,1,1,4,1,0,2,16,0.161,0.857,0,49.9,0,Success,0,0,Monitor
E0048,2026-03-07 13:40:00,U1288,Finance,Analyst,WRITE,AML_Case_Files,In Transit,Internal LAN,Managed Laptop,IN-KA,1,34,54.61,20.4,1,1,0,0,1,1,4,0,0,1,14,0.335,0.817,0,22.7,0,Success,0,0,Normal
E0049,2026-03-17 08:49:00,U1051,Finance,DB Admin,LOGIN,HR_Payroll,Backup,Private API,Managed Laptop,IN-TN,5,105,21.12,6.1,0,1,0,0,1,1,4,0,0,2,6,0.325,0.968,0,43.3,0,Success,0,0,Monitor
E0050,2026-03-24 00:23:00,U1031,Finance,Ops Lead,EXPORT,HR_Payroll,Archive,Internal LAN,Mobile,IN-TN,1,70,112.00,7.5,0,2,0,0,1,1,3,1,0,5,1,0.271,0.762,1,21.2,0,Success,0,0,Normal
E0051,2026-03-04 18:18:00,U1170,Finance,Risk Officer,DELETE,Payments_Ledger,At Rest,Internal LAN,Service Account,SG,5,64,105.16,18.0,1,0,1,0,1,1,2,0,1,2,16,0.192,0.847,1,66.4,1,Step-Up,1,0,Data Exfiltration Risk
E0052,2026-03-15 20:29:00,U1231,Retail Banking,Auditor,DOWNLOAD,Audit_Archive,Archive,VPN,VDI,SG,1,121,20.58,8.0,1,0,0,0,1,1,1,0,1,2,2,0.227,0.731,0,11.1,0,Success,0,0,Normal
E0053,2026-03-04 20:30:00,U1195,Risk,Manager,READ,KYC_Doc_Store,Backup,Internal LAN,Managed Laptop,IN-MH,3,52,13.79,5.7,1,0,0,0,1,1,4,0,0,1,7,0.092,0.810,0,21.6,0,Success,0,0,Normal
E0054,2026-03-12 00:47:00,U1144,Operations,Risk Officer,LOGIN,AML_Case_Files,Backup,Internal LAN,Mobile,IN-DL,5,7,64.66,33.3,0,0,0,0,1,1,4,1,0,3,3,0.292,0.891,0,54.0,0,Success,0,0,Monitor
E0055,2026-03-30 08:32:00,U1221,Wealth Management,Ops Lead,READ,Payments_Ledger,Backup,Internal LAN,VDI,IN-DL,5,33,25.58,15.6,6,0,0,0,1,1,1,0,0,1,4,0.237,0.726,0,52.2,0,Success,0,0,Monitor
E0056,2026-03-08 22:32:00,U1287,Treasury,Ops Lead,WRITE,HR_Payroll,In Transit,Public Internet,VDI,IN-MH,4,36,77.88,11.3,0,0,0,0,1,1,5,1,0,1,4,0.279,0.990,0,49.3,0,Success,0,0,Monitor
E0057,2026-03-07 02:18:00,U1123,Operations,Associate,WRITE,Credit_Risk_Model,Backup,Public Internet,Mobile,IN-TN,2,81,28.80,7.9,0,0,0,0,1,1,1,1,0,2,3,0.322,0.765,0,23.8,0,Success,0,0,Normal
E0058,2026-03-14 03:18:00,U1290,Treasury,DB Admin,LOGIN,HR_Payroll,At Rest,VPN,Managed Laptop,IN-DL,3,87,56.76,7.1,1,1,0,0,1,1,1,1,0,2,8,0.104,0.892,1,27.9,0,Success,0,0,Normal
E0059,2026-03-16 23:11:00,U1166,Compliance,Manager,PRIV_ESC,KYC_Doc_Store,Backup,VPN,Service Account,IN-TN,1,57,12.33,15.8,0,0,0,0,1,1,4,1,0,2,2,0.204,0.990,3,12.0,0,Success,0,0,Normal
E0060,2026-03-03 21:10:00,U1220,Wealth Management,Director,LOGIN,HR_Payroll,Backup,Internal LAN,Managed Laptop,IN-DL,2,81,15.25,21.9,0,2,0,0,1,0,4,1,0,1,1,0.113,0.687,0,21.3,0,Success,0,0,Normal
E0061,2026-03-11 15:44:00,U1049,Wealth Management,Associate,READ,HR_Payroll,At Rest,Internal LAN,Managed Laptop,SG,1,20,49.89,8.7,1,0,0,0,1,1,3,0,1,3,4,0.253,0.831,0,17.4,0,Failure,0,0,Normal
E0062,2026-03-07 08:43:00,U1044,Risk,Auditor,READ,KYC_Doc_Store,At Rest,Private API,VDI,IN-KA,5,81,19.69,56.5,0,0,0,0,1,1,5,0,0,1,3,0.262,0.882,0,50.4,0,Success,0,0,Monitor
E0063,2026-03-20 06:39:00,U1275,Wealth Management,Associate,DOWNLOAD,Credit_Risk_Model,Backup,Internal LAN,Managed Laptop,AE,2,73,91.27,15.1,1,1,0,0,1,0,1,1,1,2,8,0.225,0.800,0,34.4,0,Success,0,0,Normal
E0064,2026-03-27 05:51:00,U1234,Corporate Banking,DB Admin,DOWNLOAD,Customer_PII_DB,Archive,Private API,Managed Laptop,IN-MH,1,431,2.89,24.4,0,0,0,0,1,1,1,1,0,2,5,0.255,0.842,2,20.1,0,Success,0,0,Normal
E0065,2026-03-29 08:10:00,U1189,Risk,DB Admin,EXPORT,HR_Payroll,In Transit,Public Internet,Mobile,UK,2,18,17.10,38.9,1,0,0,0,0,1,4,0,1,1,2,0.391,0.883,0,31.1,0,Success,0,0,Normal
E0066,2026-03-18 21:12:00,U1232,Operations,Ops Lead,READ,Payments_Ledger,In Transit,Internal LAN,VDI,IN-MH,1,25,22.73,9.1,0,0,0,0,1,1,5,1,0,2,2,0.306,0.846,0,17.4,0,Success,0,0,Normal
E0067,2026-03-07 08:41:00,U1032,Corporate Banking,Analyst,LOGIN,Treasury_Trades,In Transit,Internal LAN,Unmanaged Laptop,SG,1,79,27.41,10.0,0,0,0,1,1,1,4,0,1,2,3,0.181,0.869,1,22.1,0,Success,0,0,Normal
E0068,2026-03-30 05:56:00,U1196,Risk,Analyst,LOGIN,Audit_Archive,Archive,VPN,Unmanaged Laptop,AE,5,45,6.23,11.6,0,0,0,1,1,1,2,1,1,1,1,0.228,0.890,0,54.4,0,Success,1,0,Monitor
E0069,2026-03-11 14:05:00,U1270,Risk,Analyst,DOWNLOAD,Audit_Archive,In Transit,Private API,Managed Laptop,IN-MH,3,96,9.71,10.4,1,1,0,0,1,1,3,0,0,2,5,0.172,0.990,1,34.9,0,Success,0,0,Normal
E0070,2026-03-11 19:57:00,U1086,Operations,Ops Lead,EXPORT,Payments_Ledger,Backup,VPN,Managed Laptop,IN-KA,1,22,41.17,10.8,0,0,0,0,1,1,4,0,0,1,15,0.549,0.806,0,31.1,0,Success,0,0,Normal
E0071,2026-03-28 22:15:00,U1221,Finance,Analyst,API_CALL,Credit_Risk_Model,Archive,Internal LAN,Managed Laptop,IN-MH,2,48,106.70,15.7,0,0,0,0,1,1,1,1,0,1,2,0.350,0.826,2,21.7,0,Success,0,0,Normal
E0072,2026-03-09 09:56:00,U1190,Operations,Risk Officer,READ,Customer_PII_DB,Backup,VPN,Managed Laptop,US,5,88,18.77,17.7,1,0,0,0,1,1,4,0,1,2,3,0.250,0.982,0,43.1,0,Success,1,0,Monitor
E0073,2026-03-10 04:32:00,U1164,Treasury,Auditor,API_CALL,Payments_Ledger,At Rest,Internal LAN,Unmanaged Laptop,IN-KA,3,96,51.96,7.3,0,1,0,1,1,1,1,1,0,5,2,0.272,0.886,0,38.1,0,Success,0,0,Normal
E0074,2026-03-02 18:21:00,U1122,Wealth Management,Ops Lead,READ,HR_Payroll,Backup,Private API,Managed Laptop,US,3,10,142.60,5.1,1,0,0,0,1,1,1,0,1,1,20,0.289,0.817,0,52.4,0,Success,0,0,Monitor
E0075,2026-03-13 11:15:00,U1259,Operations,DB Admin,WRITE,Payments_Ledger,At Rest,Internal LAN,Unmanaged Laptop,IN-TN,4,81,89.85,8.2,0,1,0,1,1,1,2,0,0,3,2,0.009,0.930,1,38.7,0,Success,0,0,Normal
E0076,2026-03-22 05:45:00,U1300,Compliance,Risk Officer,READ,Audit_Archive,Backup,Internal LAN,Managed Laptop,IN-MH,3,319,9.63,22.7,0,2,0,0,1,1,5,1,0,2,4,0.435,0.906,1,51.5,0,Success,1,0,Monitor
E0077,2026-03-26 09:45:00,U1050,Treasury,Auditor,DOWNLOAD,KYC_Doc_Store,In Transit,SFTP,Service Account,SG,2,27,8.59,9.4,0,2,0,0,1,1,5,0,1,2,4,0.066,0.843,2,22.9,0,Success,0,0,Normal
E0078,2026-03-08 05:03:00,U1067,Finance,Associate,EXPORT,AML_Case_Files,Archive,VPN,Unmanaged Laptop,IN-MH,5,31,11.20,19.3,1,1,0,1,1,1,3,1,0,2,4,0.258,0.911,0,45.5,0,Success,0,0,Monitor
E0079,2026-03-18 01:48:00,U1305,Compliance,Analyst,PRIV_ESC,Payments_Ledger,At Rest,Internal LAN,Managed Laptop,IN-TN,1,76,6.29,15.0,1,1,0,0,1,1,5,1,0,3,11,0.215,0.971,1,22.8,0,Success,0,0,Normal
E0080,2026-03-22 21:00:00,U1002,Operations,Director,READ,Payments_Ledger,At Rest,Private API,VDI,IN-MH,1,106,43.15,7.5,0,0,0,0,1,1,1,1,0,2,1,0.291,0.990,0,7.8,0,Success,0,0,Normal
E0081,2026-03-07 00:44:00,U1054,Retail Banking,Manager,WRITE,HR_Payroll,Archive,Internal LAN,Managed Laptop,IN-KA,1,63,77.56,13.6,1,0,0,0,1,1,5,1,0,2,1,0.097,0.755,2,11.9,0,Success,0,0,Normal
E0082,2026-03-11 16:40:00,U1228,Corporate Banking,DB Admin,LOGIN,HR_Payroll,At Rest,Private API,Unmanaged Laptop,IN-MH,4,57,44.13,49.2,0,1,0,1,1,1,3,0,0,2,2,0.270,0.812,1,40.8,1,Step-Up,1,0,Monitor
E0083,2026-03-07 09:24:00,U1131,Wealth Management,Associate,EXPORT,Treasury_Trades,At Rest,Private API,Unmanaged Laptop,IN-TN,2,97,6.05,30.4,1,0,0,1,1,1,5,0,0,1,4,0.205,0.831,0,37.4,0,Success,0,0,Normal
E0084,2026-03-12 07:08:00,U1176,Compliance,Risk Officer,PRIV_ESC,HR_Payroll,In Transit,Internal LAN,Mobile,US,5,23,167.03,5.0,0,0,0,0,1,1,2,0,1,2,3,0.151,0.990,0,33.1,0,Success,0,0,Normal
E0085,2026-03-02 03:36:00,U1028,Wealth Management,Manager,LOGIN,Treasury_Trades,Backup,Public Internet,Managed Laptop,IN-KA,3,115,32.72,10.6,1,1,0,0,1,1,5,1,0,8,2,0.127,0.950,2,42.8,1,Step-Up,0,0,Monitor
E0086,2026-03-14 09:19:00,U1039,Finance,Manager,READ,Credit_Risk_Model,At Rest,Internal LAN,Unmanaged Laptop,IN-DL,2,344,81.66,21.1,1,1,1,1,1,1,3,0,0,4,5,0.095,0.904,2,52.6,1,Step-Up,0,0,Monitor
E0087,2026-03-06 05:18:00,U1124,Operations,DB Admin,API_CALL,Treasury_Trades,At Rest,Public Internet,Managed Laptop,AE,1,45,60.78,22.4,0,3,0,0,1,1,1,1,1,2,4,0.214,0.782,1,19.2,0,Success,0,0,Normal
E0088,2026-03-26 09:34:00,U1133,Corporate Banking,Director,WRITE,HR_Payroll,Archive,VPN,Managed Laptop,SG,5,42,11.96,14.4,2,0,0,0,1,0,2,0,1,2,2,0.382,0.990,2,48.1,0,Success,1,0,Monitor
E0089,2026-03-25 10:42:00,U1108,Corporate Banking,Auditor,LOGIN,Audit_Archive,In Transit,VPN,VDI,IN-TN,2,18,20.42,18.9,0,1,0,0,1,1,5,0,0,2,3,0.060,0.894,0,27.0,0,Success,0,0,Normal
E0090,2026-03-29 01:12:00,U1290,Compliance,Manager,DELETE,Audit_Archive,Archive,Internal LAN,Managed Laptop,UK,4,38,43.32,11.7,1,0,0,0,1,1,1,1,1,1,1,0.029,0.886,2,34.3,0,Success,0,0,Normal
E0091,2026-03-14 05:50:00,U1257,Treasury,DB Admin,DOWNLOAD,AML_Case_Files,Backup,VPN,VDI,US,5,215,16.66,14.4,2,0,0,0,1,1,1,1,1,1,1,0.034,0.968,0,46.2,1,Step-Up,0,0,Monitor
E0092,2026-03-25 18:34:00,U1194,Treasury,Risk Officer,WRITE,Payments_Ledger,Backup,Internal LAN,Service Account,IN-TN,3,140,26.92,12.5,0,0,0,0,1,1,2,0,0,2,1,0.188,0.745,0,17.1,0,Success,0,0,Normal
E0093,2026-03-08 13:41:00,U1265,Compliance,Manager,API_CALL,Customer_PII_DB,Backup,SFTP,Managed Laptop,IN-DL,4,132,93.31,4.3,0,1,0,0,1,1,5,0,0,1,6,0.310,0.982,2,46.9,0,Success,0,0,Monitor
E0094,2026-03-25 13:02:00,U1268,Retail Banking,Risk Officer,WRITE,Customer_PII_DB,Archive,Internal LAN,Server,UK,4,20,35.94,3.8,2,0,0,0,1,1,3,0,1,1,10,0.379,0.898,0,51.0,0,Success,1,0,Monitor
E0095,2026-03-10 06:29:00,U1092,Wealth Management,DB Admin,WRITE,HR_Payroll,Backup,SFTP,Mobile,UK,4,176,23.48,7.5,0,0,0,0,1,1,1,1,1,2,3,0.029,0.904,1,27.0,0,Success,0,0,Normal
E0096,2026-03-02 12:42:00,U1019,Risk,Manager,WRITE,Customer_PII_DB,In Transit,Internal LAN,Managed Laptop,IN-KA,4,55,107.48,21.6,0,0,0,0,1,1,2,0,0,2,15,0.226,0.971,0,45.9,1,Step-Up,0,0,Monitor
E0097,2026-03-21 23:13:00,U1060,Retail Banking,DB Admin,READ,AML_Case_Files,In Transit,Public Internet,Managed Laptop,IN-KA,3,68,54.95,30.5,0,3,0,0,1,1,2,1,0,2,2,0.195,0.942,2,33.0,0,Success,0,0,Normal
E0098,2026-03-22 22:47:00,U1253,Operations,Ops Lead,API_CALL,KYC_Doc_Store,Archive,Internal LAN,VDI,IN-TN,4,24,28.08,12.2,1,0,0,0,1,1,4,1,0,3,2,0.192,0.925,0,34.1,0,Success,0,0,Normal
E0099,2026-03-11 09:39:00,U1121,Corporate Banking,Auditor,DELETE,AML_Case_Files,In Transit,Internal LAN,Service Account,IN-MH,1,24,32.57,19.2,0,1,0,0,1,1,2,0,0,2,4,0.097,0.900,0,1.0,0,Success,0,0,Normal
E0100,2026-03-04 13:38:00,U1238,Wealth Management,Auditor,EXPORT,Credit_Risk_Model,In Transit,Public Internet,Service Account,IN-TN,5,138,17.36,8.9,1,0,0,0,1,1,3,0,0,3,4,0.084,0.854,0,49.6,0,Success,0,0,Monitor
E0101,2026-03-04 18:55:00,U1317,Corporate Banking,Auditor,READ,AML_Case_Files,Backup,Internal LAN,VDI,IN-TN,2,152,8.10,13.0,0,4,0,0,1,1,5,0,0,2,9,0.404,0.856,0,40.9,0,Success,1,0,Monitor
E0102,2026-03-23 09:19:00,U1005,Finance,Auditor,LOGIN,KYC_Doc_Store,In Transit,Public Internet,Mobile,IN-MH,5,58,68.94,19.5,0,1,0,0,1,1,5,0,0,5,1,0.119,0.737,1,46.8,0,Success,0,0,Monitor
E0103,2026-03-11 14:17:00,U1008,Corporate Banking,Manager,DOWNLOAD,Audit_Archive,Archive,Internal LAN,VDI,AE,4,91,15.45,9.4,0,3,0,0,1,1,1,0,1,1,3,0.018,0.858,4,31.5,0,Success,0,0,Normal
E0104,2026-03-26 00:17:00,U1247,Corporate Banking,Auditor,EXPORT,Treasury_Trades,Backup,Private API,Server,IN-MH,1,32,36.32,16.3,1,0,0,0,1,1,4,1,0,1,5,0.405,0.990,1,15.6,0,Success,0,0,Normal
E0105,2026-03-07 03:09:00,U1249,Compliance,Analyst,LOGIN,KYC_Doc_Store,Archive,Internal LAN,Managed Laptop,IN-KA,4,8,107.44,8.9,0,0,0,0,1,1,2,1,0,5,2,0.223,0.804,1,37.4,0,Success,0,0,Normal
E0106,2026-03-02 23:48:00,U1017,Treasury,Manager,READ,HR_Payroll,In Transit,Internal LAN,Mobile,US,4,76,17.66,13.8,2,0,0,0,1,1,1,1,1,2,2,0.230,0.789,0,34.7,0,Success,0,0,Normal
E0107,2026-03-30 21:29:00,U1286,Risk,Manager,LOGIN,AML_Case_Files,At Rest,Public Internet,Mobile,SG,4,135,14.40,9.8,7,0,0,0,0,1,3,1,1,4,11,0.143,0.922,0,53.5,0,Success,1,0,Monitor
E0108,2026-03-01 17:48:00,U1004,Treasury,Auditor,WRITE,Treasury_Trades,In Transit,Private API,Managed Laptop,US,3,250,37.58,5.3,0,0,0,0,1,1,2,0,1,1,1,0.500,0.983,1,33.6,0,Success,0,0,Normal
E0109,2026-03-04 13:43:00,U1179,Retail Banking,Ops Lead,API_CALL,AML_Case_Files,Archive,Private API,Managed Laptop,UK,5,82,31.47,13.6,1,0,0,0,1,1,4,0,1,4,1,0.115,0.845,0,53.6,0,Success,1,0,Monitor
E0110,2026-03-27 00:02:00,U1125,Risk,Director,READ,AML_Case_Files,Backup,Public Internet,Mobile,IN-MH,4,55,16.35,5.7,4,1,0,0,1,1,1,1,0,3,5,0.347,0.826,1,48.9,0,Success,1,0,Monitor
E0111,2026-03-10 15:25:00,U1281,Risk,Auditor,DOWNLOAD,Credit_Risk_Model,At Rest,Internal LAN,Service Account,IN-DL,3,32,84.68,5.0,0,2,0,0,1,1,1,0,0,2,2,0.101,0.796,0,23.4,0,Success,0,0,Normal
E0112,2026-03-17 00:22:00,U1121,Operations,Auditor,PRIV_ESC,KYC_Doc_Store,At Rest,VPN,Server,US,1,35,25.27,20.8,1,2,0,0,1,1,4,1,1,1,2,0.099,0.781,2,17.6,0,Failure,0,0,Normal
E0113,2026-03-26 16:57:00,U1035,Treasury,Ops Lead,DELETE,Payments_Ledger,In Transit,Internal LAN,Server,UK,3,181,24.08,23.7,1,0,0,0,1,1,5,0,1,3,6,0.090,0.895,0,35.5,0,Success,0,0,Normal
E0114,2026-03-19 14:17:00,U1212,Retail Banking,Auditor,READ,Treasury_Trades,In Transit,Internal LAN,Service Account,AE,5,65,27.73,10.9,1,0,0,0,1,1,5,0,1,5,5,0.034,0.990,0,42.1,1,Step-Up,0,0,Monitor
E0115,2026-03-21 00:06:00,U1147,Wealth Management,Auditor,DOWNLOAD,AML_Case_Files,Backup,VPN,Managed Laptop,IN-TN,2,56,9.72,5.1,2,1,0,0,1,1,1,1,0,1,6,0.168,0.904,1,13.8,0,Success,0,0,Normal
E0116,2026-03-18 11:31:00,U1282,Treasury,Risk Officer,WRITE,Credit_Risk_Model,Backup,VPN,VDI,IN-MH,2,11,25.54,20.9,1,0,0,0,1,1,5,0,0,2,11,0.191,0.943,0,31.7,0,Success,0,0,Normal
E0117,2026-03-03 12:08:00,U1075,Operations,Analyst,API_CALL,KYC_Doc_Store,Backup,Private API,Managed Laptop,IN-TN,2,32,62.54,14.6,3,1,0,0,1,0,3,0,0,1,22,0.131,0.820,0,33.7,0,Failure,0,0,Normal
E0118,2026-03-28 12:34:00,U1312,Compliance,Risk Officer,LOGIN,KYC_Doc_Store,Backup,Private API,Mobile,IN-TN,4,65,50.16,10.5,0,1,1,0,1,1,3,0,0,1,2,0.143,0.981,1,39.7,0,Success,0,0,Normal
E0119,2026-03-21 23:07:00,U1212,Operations,DB Admin,API_CALL,Customer_PII_DB,Backup,VPN,VDI,IN-DL,1,15,89.60,9.0,2,1,0,0,1,1,1,1,0,1,9,0.277,0.757,0,18.2,0,Success,0,0,Normal
E0120,2026-03-15 02:59:00,U1051,Operations,Manager,LOGIN,Credit_Risk_Model,In Transit,Public Internet,Unmanaged Laptop,SG,5,28,64.43,39.1,0,2,0,1,0,1,2,1,1,1,3,0.091,0.872,1,59.0,0,Success,0,0,Monitor
E0121,2026-03-12 03:24:00,U1160,Treasury,Associate,EXPORT,Audit_Archive,Archive,Internal LAN,Managed Laptop,AE,1,58,41.43,42.4,1,0,0,0,1,1,5,1,1,4,5,0.103,0.818,3,12.3,0,Success,0,0,Normal
E0122,2026-03-03 23:23:00,U1180,Finance,Associate,DOWNLOAD,Credit_Risk_Model,Backup,Public Internet,Mobile,IN-MH,1,40,8.89,6.1,0,1,0,0,0,1,4,1,0,2,11,0.326,0.894,0,37.2,0,Success,0,0,Normal
E0123,2026-03-22 01:37:00,U1228,Operations,Associate,READ,AML_Case_Files,At Rest,VPN,VDI,IN-DL,4,31,13.88,4.7,1,2,0,0,1,1,2,1,0,2,5,0.133,0.901,1,30.4,0,Success,0,0,Normal
E0124,2026-03-27 20:36:00,U1196,Wealth Management,Ops Lead,WRITE,AML_Case_Files,In Transit,Public Internet,Unmanaged Laptop,IN-MH,4,152,25.54,19.6,0,1,0,1,1,1,4,0,0,2,2,0.192,0.980,0,44.9,0,Success,1,0,Monitor
E0125,2026-03-27 09:48:00,U1073,Finance,Associate,LOGIN,KYC_Doc_Store,Archive,VPN,Mobile,IN-DL,2,56,74.35,9.8,0,2,0,0,1,1,4,0,0,2,3,0.414,0.912,0,29.3,0,Success,0,0,Normal
E0126,2026-03-02 05:49:00,U1043,Compliance,DB Admin,READ,Payments_Ledger,Backup,Internal LAN,Mobile,IN-KA,3,19,12.61,19.4,1,0,0,0,1,1,3,1,0,3,23,0.158,0.937,0,37.2,0,Success,0,0,Normal
E0127,2026-03-22 02:49:00,U1155,Wealth Management,DB Admin,DOWNLOAD,Treasury_Trades,Archive,Public Internet,Unmanaged Laptop,IN-KA,5,220,38.93,44.0,3,0,0,1,1,1,3,1,0,3,5,0.284,0.844,0,68.3,1,Blocked,1,1,Credential Abuse Suspected
E0128,2026-03-29 04:32:00,U1305,Corporate Banking,Analyst,LOGIN,Treasury_Trades,At Rest,Public Internet,Managed Laptop,US,2,29,84.05,8.2,0,0,0,0,0,1,4,1,1,4,1,0.478,0.812,3,38.8,0,Success,0,0,Normal
E0129,2026-03-23 09:27:00,U1277,Corporate Banking,Manager,LOGIN,Treasury_Trades,At Rest,Private API,VDI,IN-MH,1,66,25.10,8.9,0,1,0,0,1,1,4,0,0,1,21,0.181,0.990,1,17.7,0,Success,0,0,Normal
E0130,2026-03-09 00:54:00,U1098,Retail Banking,Risk Officer,WRITE,AML_Case_Files,At Rest,VPN,Managed Laptop,IN-MH,4,101,6.67,14.9,0,1,0,0,1,1,5,1,0,1,7,0.103,0.889,2,38.0,0,Success,0,0,Normal
E0131,2026-03-01 20:49:00,U1125,Finance,Analyst,LOGIN,Credit_Risk_Model,At Rest,Internal LAN,Managed Laptop,IN-KA,1,61,59.49,5.1,1,0,0,0,1,1,4,0,0,1,7,0.065,0.742,3,10.5,0,Success,0,0,Normal
E0132,2026-03-27 11:41:00,U1052,Retail Banking,Manager,LOGIN,AML_Case_Files,In Transit,Internal LAN,Unmanaged Laptop,IN-MH,2,81,107.58,11.8,0,0,0,1,1,1,2,0,0,6,4,0.391,0.783,0,42.6,0,Success,0,0,Monitor
E0133,2026-03-13 13:55:00,U1058,Retail Banking,Director,LOGIN,HR_Payroll,Archive,Internal LAN,VDI,IN-MH,3,37,9.33,12.0,2,1,0,0,1,1,2,0,0,1,2,0.172,0.770,0,19.0,0,Success,0,0,Normal
E0134,2026-03-17 07:40:00,U1172,Compliance,Director,READ,Customer_PII_DB,Backup,Internal LAN,Server,IN-TN,2,111,21.47,35.6,0,0,0,0,1,1,2,0,0,3,1,0.441,0.885,2,18.8,0,Failure,0,0,Normal
E0135,2026-03-22 10:04:00,U1272,Retail Banking,Risk Officer,WRITE,Payments_Ledger,Archive,VPN,Managed Laptop,UK,4,27,10.18,5.9,2,1,1,0,1,1,2,0,1,4,7,0.456,0.990,0,66.2,1,Step-Up,1,0,Anomalous Access Pattern
E0136,2026-03-03 11:52:00,U1057,Operations,Analyst,WRITE,HR_Payroll,At Rest,Internal LAN,Managed Laptop,IN-DL,1,100,14.21,13.8,1,1,0,0,1,1,2,0,0,6,1,0.440,0.871,0,15.4,0,Success,0,0,Normal
E0137,2026-03-21 13:40:00,U1097,Operations,Associate,API_CALL,HR_Payroll,At Rest,Internal LAN,Service Account,IN-KA,1,28,51.27,29.1,1,0,0,0,1,1,5,0,0,4,3,0.067,0.874,2,15.0,0,Success,0,0,Normal
E0138,2026-03-25 03:04:00,U1156,Finance,DB Admin,DELETE,KYC_Doc_Store,In Transit,Public Internet,Managed Laptop,IN-KA,3,43,45.00,23.2,0,0,1,0,0,1,2,1,0,2,1,0.467,0.875,4,53.6,1,Step-Up,0,0,Monitor
E0139,2026-03-14 04:34:00,U1174,Treasury,DB Admin,LOGIN,HR_Payroll,At Rest,Internal LAN,Mobile,IN-KA,4,84,22.41,14.2,0,2,0,0,1,1,2,1,0,2,1,0.087,0.848,2,36.9,0,Success,0,0,Normal
E0140,2026-03-16 23:46:00,U1288,Compliance,DB Admin,READ,HR_Payroll,Archive,Private API,Managed Laptop,US,4,121,94.18,6.9,4,1,0,0,1,1,5,1,1,3,1,0.148,0.800,0,55.2,1,Step-Up,0,0,Monitor
E0141,2026-03-26 10:53:00,U1014,Finance,Director,LOGIN,Credit_Risk_Model,Backup,Internal LAN,VDI,SG,1,609,23.96,16.1,0,0,0,0,1,0,3,0,1,2,14,0.353,0.927,0,37.7,0,Success,0,0,Normal
E0142,2026-03-08 10:22:00,U1185,Retail Banking,Auditor,WRITE,Audit_Archive,At Rest,Internal LAN,Mobile,AE,5,18,74.10,7.0,0,2,0,0,1,1,3,0,1,4,1,0.244,0.805,2,47.2,0,Failure,0,0,Monitor
E0143,2026-03-25 05:11:00,U1236,Corporate Banking,Risk Officer,API_CALL,Payments_Ledger,In Transit,Private API,Unmanaged Laptop,IN-KA,3,24,10.50,24.4,0,0,0,1,1,1,4,1,0,5,4,0.150,0.803,1,37.4,0,Success,0,0,Normal
E0144,2026-03-12 00:08:00,U1297,Corporate Banking,Associate,LOGIN,Treasury_Trades,In Transit,SFTP,Managed Laptop,UK,1,27,47.00,14.6,3,0,0,0,1,1,4,1,1,2,2,0.144,0.765,0,12.9,0,Success,0,0,Normal
E0145,2026-03-15 04:47:00,U1284,Finance,Director,WRITE,AML_Case_Files,In Transit,Private API,Service Account,US,3,65,23.36,9.3,0,3,0,0,1,1,1,1,1,2,3,0.140,0.990,1,35.3,0,Success,0,0,Normal
E0146,2026-03-23 01:14:00,U1233,Compliance,Manager,READ,KYC_Doc_Store,Archive,VPN,VDI,IN-MH,1,580,29.89,4.9,0,0,0,0,1,1,5,1,0,7,1,0.266,0.758,0,34.9,0,Success,0,0,Normal
E0147,2026-03-02 11:53:00,U1085,Treasury,Auditor,DOWNLOAD,Credit_Risk_Model,Backup,Public Internet,Unmanaged Laptop,IN-MH,4,146,36.20,27.1,0,0,0,1,1,1,3,0,0,2,2,0.029,0.840,0,41.5,1,Step-Up,0,0,Monitor
E0148,2026-03-03 23:32:00,U1173,Compliance,Associate,READ,Audit_Archive,At Rest,VPN,Server,IN-DL,4,20,22.76,18.6,0,1,0,0,1,1,5,1,0,5,2,0.506,0.824,0,50.8,1,Step-Up,0,0,Monitor
E0149,2026-03-27 07:32:00,U1140,Corporate Banking,Ops Lead,READ,HR_Payroll,Archive,Internal LAN,VDI,SG,3,67,41.54,10.7,0,1,0,0,1,1,5,0,1,5,7,0.313,0.875,1,39.4,0,Success,0,0,Normal
E0150,2026-03-20 19:33:00,U1033,Wealth Management,Ops Lead,EXPORT,AML_Case_Files,Backup,Private API,VDI,IN-KA,5,39,54.12,1.9,0,3,0,0,1,1,1,0,0,1,5,0.514,0.727,2,51.7,1,Step-Up,1,0,Monitor
E0151,2026-03-07 09:31:00,U1293,Risk,Associate,LOGIN,Payments_Ledger,Backup,VPN,Managed Laptop,IN-DL,3,35,16.44,7.3,0,0,0,0,1,1,3,0,0,2,1,0.278,0.865,0,17.2,0,Success,0,0,Normal
E0152,2026-03-03 11:43:00,U1283,Risk,Auditor,WRITE,Audit_Archive,At Rest,VPN,Managed Laptop,IN-TN,1,189,18.92,41.1,1,0,1,0,1,1,1,0,0,2,19,0.418,0.819,0,49.9,0,Success,1,0,Monitor
E0153,2026-03-30 04:47:00,U1070,Treasury,DB Admin,READ,Treasury_Trades,Backup,Internal LAN,Managed Laptop,IN-MH,5,275,37.92,14.6,3,0,0,0,1,1,2,1,0,6,7,0.109,0.990,2,57.2,0,Success,1,0,Monitor
E0154,2026-03-05 01:16:00,U1291,Operations,Manager,READ,AML_Case_Files,Archive,Private API,Unmanaged Laptop,IN-MH,2,122,29.69,32.9,5,0,0,1,1,1,4,1,0,2,5,0.029,0.806,0,36.4,0,Success,0,0,Normal
E0155,2026-03-03 08:55:00,U1242,Operations,Director,API_CALL,Customer_PII_DB,At Rest,Internal LAN,Mobile,IN-KA,4,90,17.64,12.0,0,0,0,0,1,1,4,0,0,1,7,0.205,0.807,1,32.3,0,Success,0,0,Normal
E0156,2026-03-23 12:34:00,U1183,Retail Banking,DB Admin,PRIV_ESC,HR_Payroll,Archive,VPN,Server,US,1,49,4.98,58.6,0,1,0,0,1,1,1,0,1,2,4,0.352,0.990,0,14.3,0,Success,0,0,Normal
E0157,2026-03-22 20:07:00,U1305,Finance,Auditor,LOGIN,Audit_Archive,At Rest,Public Internet,Service Account,IN-KA,5,127,147.99,13.9,0,0,0,0,1,1,4,0,0,1,5,0.154,0.719,1,59.0,0,Success,0,0,Monitor
E0158,2026-03-26 15:00:00,U1217,Wealth Management,Associate,LOGIN,Credit_Risk_Model,Archive,VPN,Managed Laptop,IN-TN,4,144,33.32,5.1,0,2,0,0,1,1,3,0,0,4,3,0.125,0.825,0,31.9,0,Success,0,0,Normal
E0159,2026-03-09 04:07:00,U1024,Treasury,Risk Officer,READ,KYC_Doc_Store,Backup,VPN,Unmanaged Laptop,SG,5,137,19.49,17.1,0,0,1,1,1,1,4,1,1,8,4,0.366,0.932,0,81.3,1,Blocked,1,1,Probable Unauthorized Access
E0160,2026-03-29 11:49:00,U1155,Risk,Associate,LOGIN,Credit_Risk_Model,Archive,VPN,Managed Laptop,AE,4,258,98.54,5.6,1,0,1,0,1,1,4,0,1,4,4,0.204,0.955,1,64.3,1,Step-Up,1,0,Credential Abuse Suspected
E0161,2026-03-30 12:07:00,U1060,Wealth Management,DB Admin,DOWNLOAD,Audit_Archive,Archive,Public Internet,Managed Laptop,IN-KA,2,61,30.74,48.6,0,3,0,0,1,1,3,0,0,8,13,0.110,0.886,0,31.9,0,Success,0,0,Normal
E0162,2026-03-12 20:52:00,U1090,Operations,Manager,LOGIN,Customer_PII_DB,At Rest,Internal LAN,Managed Laptop,IN-MH,5,37,21.33,9.0,1,1,0,0,1,1,1,0,0,4,3,0.136,0.724,0,38.4,0,Success,0,0,Normal
E0163,2026-03-05 12:27:00,U1172,Treasury,Ops Lead,LOGIN,Payments_Ledger,In Transit,VPN,Unmanaged Laptop,UK,2,178,21.05,4.9,0,1,0,1,1,1,5,0,1,2,8,0.114,0.975,0,50.8,0,Success,0,0,Monitor
E0164,2026-03-24 15:44:00,U1206,Compliance,Risk Officer,API_CALL,KYC_Doc_Store,Backup,Private API,Managed Laptop,IN-KA,5,81,20.69,38.5,1,0,0,0,1,1,4,0,0,1,2,0.249,0.889,0,49.4,0,Success,0,0,Monitor
E0165,2026-03-20 05:45:00,U1191,Corporate Banking,Analyst,READ,Audit_Archive,At Rest,Internal LAN,VDI,IN-MH,3,74,22.44,23.5,1,3,0,0,1,1,5,1,0,1,13,0.304,0.873,0,51.8,0,Success,1,0,Monitor
E0166,2026-03-05 04:45:00,U1067,Retail Banking,Risk Officer,DOWNLOAD,HR_Payroll,At Rest,Internal LAN,Mobile,IN-DL,5,95,26.15,12.3,0,4,0,0,1,1,5,1,0,1,3,0.173,0.817,0,56.7,1,Step-Up,1,0,Monitor
E0167,2026-03-13 21:38:00,U1251,Risk,Manager,READ,Audit_Archive,At Rest,Private API,Unmanaged Laptop,IN-DL,5,59,10.84,18.7,0,1,0,1,1,1,4,1,0,1,1,0.541,0.836,0,63.4,1,Step-Up,1,0,Data Exfiltration Risk
E0168,2026-03-04 21:00:00,U1292,Risk,Analyst,DOWNLOAD,HR_Payroll,At Rest,Internal LAN,Service Account,IN-MH,1,43,33.76,12.9,0,0,0,0,1,1,3,1,0,2,8,0.228,0.833,0,12.7,0,Success,0,0,Normal
E0169,2026-03-15 19:18:00,U1030,Treasury,Analyst,WRITE,Payments_Ledger,Backup,Internal LAN,Service Account,IN-KA,1,26,35.67,12.4,3,0,0,0,1,1,1,0,0,2,5,0.316,0.893,0,19.4,0,Failure,0,0,Normal
E0170,2026-03-20 06:51:00,U1001,Finance,Analyst,LOGIN,KYC_Doc_Store,In Transit,Internal LAN,Service Account,IN-TN,5,20,20.95,12.7,0,1,0,0,1,1,5,1,0,1,1,0.229,0.868,1,47.2,0,Failure,0,0,Monitor
E0171,2026-03-18 03:06:00,U1091,Operations,Risk Officer,LOGIN,Customer_PII_DB,At Rest,VPN,Service Account,IN-TN,2,315,70.25,25.3,0,5,0,0,1,1,1,1,0,3,1,0.254,0.928,0,29.3,0,Success,0,0,Normal
E0172,2026-03-24 19:20:00,U1012,Compliance,Director,PRIV_ESC,KYC_Doc_Store,Archive,Internal LAN,Unmanaged Laptop,SG,1,149,66.47,5.1,0,1,1,1,1,1,1,0,1,1,4,0.207,0.792,0,31.7,0,Success,0,0,Normal
E0173,2026-03-22 20:15:00,U1304,Wealth Management,Analyst,LOGIN,Audit_Archive,Backup,Internal LAN,Unmanaged Laptop,AE,1,187,20.29,14.9,0,0,0,1,1,1,1,0,1,1,13,0.102,0.835,0,22.1,0,Success,0,0,Normal
E0174,2026-03-21 15:14:00,U1220,Wealth Management,DB Admin,API_CALL,Payments_Ledger,Backup,Public Internet,VDI,IN-MH,5,48,7.79,5.5,1,0,0,0,1,1,2,0,0,1,4,0.158,0.890,0,44.3,1,Step-Up,1,0,Monitor
E0175,2026-03-26 11:04:00,U1177,Retail Banking,Risk Officer,READ,Treasury_Trades,In Transit,Public Internet,Managed Laptop,SG,4,83,39.41,6.1,1,0,0,0,0,1,2,0,1,3,2,0.303,0.765,0,47.0,0,Success,0,0,Monitor
E0176,2026-03-17 09:07:00,U1102,Retail Banking,Analyst,READ,Credit_Risk_Model,In Transit,Private API,VDI,IN-KA,5,40,16.41,3.8,2,0,0,0,1,1,4,0,0,1,2,0.364,0.893,0,42.8,1,Step-Up,0,0,Monitor
E0177,2026-03-27 13:58:00,U1042,Finance,Director,LOGIN,Payments_Ledger,In Transit,VPN,VDI,SG,5,44,6.47,12.9,3,0,0,0,1,1,5,0,1,2,10,0.126,0.933,0,50.2,0,Success,1,0,Monitor
E0178,2026-03-16 07:24:00,U1240,Wealth Management,DB Admin,WRITE,Audit_Archive,Archive,Internal LAN,Unmanaged Laptop,IN-MH,2,45,65.43,12.2,0,0,0,1,1,0,3,0,0,1,1,0.279,0.990,7,17.4,0,Success,0,0,Normal
E0179,2026-03-19 11:11:00,U1263,Retail Banking,DB Admin,PRIV_ESC,Credit_Risk_Model,Archive,Internal LAN,VDI,IN-MH,2,74,107.14,9.9,0,0,0,0,1,1,2,0,0,1,8,0.334,0.829,0,32.5,0,Success,0,0,Normal
E0180,2026-03-26 19:56:00,U1079,Retail Banking,Manager,PRIV_ESC,Audit_Archive,Archive,SFTP,Managed Laptop,IN-KA,5,47,39.42,3.9,0,2,0,0,1,0,2,0,0,1,5,0.066,0.817,0,44.7,0,Success,0,0,Monitor
E0181,2026-03-06 21:55:00,U1222,Risk,Auditor,LOGIN,HR_Payroll,In Transit,VPN,Service Account,IN-DL,5,123,19.60,14.2,0,1,0,0,1,1,4,1,0,3,3,0.328,0.929,0,54.3,1,Step-Up,1,0,Monitor
E0182,2026-03-11 21:48:00,U1276,Treasury,Auditor,WRITE,Payments_Ledger,In Transit,Private API,Unmanaged Laptop,UK,1,40,15.08,11.6,1,1,0,1,1,1,4,1,1,4,9,0.608,0.792,0,43.9,0,Success,0,0,Monitor
E0183,2026-03-07 23:39:00,U1092,Finance,Ops Lead,READ,Customer_PII_DB,In Transit,VPN,Managed Laptop,SG,5,143,73.27,9.7,0,2,0,0,1,1,2,1,1,2,1,0.142,0.925,1,43.3,0,Success,1,0,Monitor
E0184,2026-03-09 15:02:00,U1220,Risk,Risk Officer,READ,Treasury_Trades,At Rest,Internal LAN,Managed Laptop,IN-TN,3,18,13.35,8.0,0,6,0,0,1,1,5,0,0,4,2,0.141,0.781,1,47.5,0,Success,0,0,Monitor
E0185,2026-03-29 04:56:00,U1071,Corporate Banking,Analyst,WRITE,KYC_Doc_Store,In Transit,Internal LAN,Managed Laptop,IN-MH,5,258,54.50,4.7,0,2,0,0,1,1,3,1,0,3,6,0.509,0.977,0,53.9,0,Success,1,0,Monitor
E0186,2026-03-03 08:54:00,U1065,Treasury,Director,READ,Treasury_Trades,In Transit,VPN,Unmanaged Laptop,IN-TN,2,104,16.59,7.9,1,0,0,1,1,1,1,0,0,4,3,0.208,0.860,3,26.0,0,Success,0,0,Normal
E0187,2026-03-25 10:45:00,U1132,Treasury,Manager,WRITE,KYC_Doc_Store,Archive,Internal LAN,Mobile,IN-TN,3,23,16.70,20.0,2,4,0,0,1,1,4,0,0,6,2,0.530,0.803,0,50.5,1,Step-Up,1,0,Monitor
E0188,2026-03-07 17:31:00,U1076,Compliance,DB Admin,READ,Credit_Risk_Model,At Rest,Internal LAN,Managed Laptop,SG,4,45,93.98,6.7,1,0,0,0,1,1,5,0,1,3,3,0.037,0.850,0,46.0,1,Step-Up,0,0,Monitor
E0189,2026-03-18 01:13:00,U1102,Treasury,Manager,DOWNLOAD,Payments_Ledger,Archive,VPN,Managed Laptop,IN-MH,2,120,11.77,3.7,0,0,0,0,1,0,1,1,0,2,5,0.183,0.754,4,30.9,0,Success,0,0,Normal
E0190,2026-03-17 20:59:00,U1123,Operations,Ops Lead,API_CALL,AML_Case_Files,Archive,VPN,Service Account,US,1,26,9.95,7.3,1,2,0,0,1,1,1,0,1,2,7,0.227,0.726,0,21.0,0,Success,0,0,Normal
E0191,2026-03-24 16:02:00,U1255,Retail Banking,Manager,LOGIN,KYC_Doc_Store,Archive,Internal LAN,Unmanaged Laptop,IN-MH,5,40,83.22,5.4,1,0,0,1,1,1,3,0,0,1,3,0.067,0.990,0,49.5,0,Success,0,0,Monitor
E0192,2026-03-18 08:51:00,U1115,Wealth Management,Director,READ,KYC_Doc_Store,At Rest,Internal LAN,Managed Laptop,IN-DL,2,102,8.69,40.3,0,0,0,0,1,1,4,0,0,4,2,0.407,0.880,0,28.6,0,Success,0,0,Normal
E0193,2026-03-07 15:19:00,U1159,Retail Banking,Ops Lead,DOWNLOAD,Payments_Ledger,Backup,SFTP,VDI,IN-TN,2,64,7.92,3.6,1,1,1,0,1,1,2,0,0,7,1,0.022,0.854,0,28.1,0,Failure,0,0,Normal
E0194,2026-03-05 10:17:00,U1298,Treasury,Ops Lead,API_CALL,Customer_PII_DB,Backup,VPN,Managed Laptop,IN-MH,4,45,6.44,22.1,1,6,0,0,1,1,4,0,0,2,1,0.353,0.859,0,48.2,0,Success,1,0,Monitor
E0195,2026-03-28 03:09:00,U1046,Treasury,Risk Officer,LOGIN,AML_Case_Files,Backup,VPN,Unmanaged Laptop,IN-MH,1,18,48.06,13.6,1,2,0,1,1,1,4,1,0,2,2,0.209,0.874,1,31.7,0,Success,0,0,Normal
E0196,2026-03-10 10:36:00,U1307,Corporate Banking,Manager,LOGIN,Customer_PII_DB,Archive,Private API,Managed Laptop,IN-MH,2,86,7.75,15.4,0,4,0,0,1,1,5,0,0,2,7,0.411,0.809,0,36.5,0,Success,0,0,Normal
E0197,2026-03-29 07:43:00,U1282,Wealth Management,Associate,READ,AML_Case_Files,In Transit,VPN,Managed Laptop,IN-KA,4,19,12.65,21.5,0,1,0,0,1,1,2,0,0,2,12,0.050,0.877,0,35.8,0,Success,0,0,Normal
E0198,2026-03-11 06:35:00,U1051,Compliance,Analyst,WRITE,Treasury_Trades,Archive,SFTP,VDI,IN-MH,5,110,71.10,13.6,2,1,0,0,1,1,2,1,0,1,12,0.284,0.959,0,57.6,1,Step-Up,1,0,Monitor
E0199,2026-03-30 02:10:00,U1312,Operations,Director,WRITE,HR_Payroll,In Transit,VPN,Managed Laptop,IN-TN,3,36,55.72,10.5,0,0,0,0,1,1,1,1,0,3,4,0.240,0.836,6,34.1,0,Success,0,0,Normal
E0200,2026-03-25 00:50:00,U1087,Retail Banking,DB Admin,LOGIN,Treasury_Trades,In Transit,Internal LAN,Server,IN-TN,1,55,24.63,22.5,0,2,0,0,1,1,3,1,0,2,1,0.114,0.862,2,4.6,0,Success,0,0,Normal
E0201,2026-03-01 09:40:00,U1252,Corporate Banking,Risk Officer,READ,Credit_Risk_Model,Archive,Internal LAN,Unmanaged Laptop,IN-MH,3,33,18.51,5.6,2,0,0,1,1,1,3,0,0,1,2,0.145,0.867,0,32.9,0,Success,0,0,Normal
E0202,2026-03-19 04:46:00,U1057,Wealth Management,Manager,API_CALL,Customer_PII_DB,In Transit,Internal LAN,Mobile,UK,2,50,21.63,9.9,1,0,0,0,1,1,1,1,1,1,1,0.455,0.904,5,19.2,0,Success,0,0,Normal
E0203,2026-03-07 15:41:00,U1316,Wealth Management,Analyst,READ,Customer_PII_DB,Archive,VPN,Managed Laptop,SG,2,31,10.48,16.7,2,0,1,0,1,1,3,0,1,1,3,0.305,0.951,0,26.7,0,Success,0,0,Normal
E0204,2026-03-05 20:10:00,U1022,Treasury,Associate,EXPORT,Treasury_Trades,In Transit,Public Internet,Service Account,IN-MH,5,86,25.84,12.7,0,0,0,0,1,1,5,0,0,2,1,0.210,0.726,0,53.5,1,Step-Up,1,0,Monitor
E0205,2026-03-24 08:51:00,U1225,Corporate Banking,Manager,LOGIN,AML_Case_Files,Archive,VPN,Managed Laptop,IN-MH,2,87,31.04,17.0,2,0,0,0,1,0,2,0,0,1,1,0.214,0.817,0,18.4,0,Success,0,0,Normal
E0206,2026-03-07 01:56:00,U1167,Wealth Management,Auditor,PRIV_ESC,Customer_PII_DB,Backup,Internal LAN,Service Account,IN-MH,1,1010,170.62,8.3,2,1,0,0,1,1,2,1,0,2,13,0.138,0.864,0,55.6,0,Success,0,0,Monitor
E0207,2026-03-09 05:03:00,U1159,Compliance,Analyst,READ,Credit_Risk_Model,Archive,Public Internet,Managed Laptop,IN-MH,4,77,86.97,10.6,1,2,0,0,0,1,1,1,0,3,5,0.039,0.866,0,48.1,1,Step-Up,1,0,Monitor
E0208,2026-03-25 18:53:00,U1262,Compliance,Associate,API_CALL,AML_Case_Files,In Transit,Internal LAN,Managed Laptop,IN-MH,4,13,7.64,18.3,0,0,0,0,1,1,3,0,0,1,5,0.203,0.721,1,30.6,0,Success,0,0,Normal
E0209,2026-03-13 01:53:00,U1077,Corporate Banking,Analyst,LOGIN,Credit_Risk_Model,Backup,Internal LAN,Unmanaged Laptop,UK,4,115,20.82,6.8,0,2,0,1,1,1,4,1,1,3,7,0.540,0.880,0,69.2,1,Step-Up,1,0,Data Exfiltration Risk
E0210,2026-03-10 23:34:00,U1186,Corporate Banking,Director,READ,Customer_PII_DB,Backup,VPN,Service Account,AE,1,180,11.97,28.0,2,0,0,0,1,1,2,1,1,1,1,0.583,0.862,0,18.4,0,Success,0,0,Normal
E0211,2026-03-01 13:37:00,U1094,Wealth Management,Manager,DOWNLOAD,Credit_Risk_Model,Backup,VPN,VDI,IN-TN,1,45,59.97,61.4,0,2,0,0,1,1,2,0,0,2,14,0.153,0.921,1,23.6,0,Success,0,0,Normal
E0212,2026-03-18 07:34:00,U1191,Treasury,Analyst,EXPORT,Treasury_Trades,Backup,Internal LAN,Managed Laptop,IN-DL,3,24,31.85,19.0,0,1,0,0,1,0,3,0,0,1,4,0.072,0.714,0,14.3,0,Success,0,0,Normal
E0213,2026-03-07 20:02:00,U1245,Retail Banking,Risk Officer,EXPORT,Customer_PII_DB,Backup,Internal LAN,VDI,IN-MH,1,165,8.80,2.9,5,0,0,0,1,1,5,0,0,4,7,0.180,0.851,1,27.9,0,Success,0,0,Normal
E0214,2026-03-23 15:25:00,U1074,Corporate Banking,Analyst,LOGIN,KYC_Doc_Store,At Rest,VPN,Unmanaged Laptop,IN-MH,3,32,24.39,2.5,0,0,0,1,1,1,4,0,0,2,1,0.035,0.790,2,26.4,0,Success,0,0,Normal
E0215,2026-03-02 22:36:00,U1288,Retail Banking,Director,READ,Payments_Ledger,Backup,Internal LAN,Mobile,US,2,48,10.54,59.8,0,0,0,0,1,1,4,1,1,3,3,0.431,0.859,0,26.5,0,Success,0,0,Normal
E0216,2026-03-17 10:50:00,U1110,Wealth Management,DB Admin,READ,Customer_PII_DB,Archive,Internal LAN,VDI,IN-MH,1,45,76.33,10.9,2,0,1,0,1,1,4,0,0,1,2,0.155,0.805,1,22.4,0,Success,0,0,Normal
E0217,2026-03-04 12:59:00,U1163,Treasury,Ops Lead,READ,HR_Payroll,In Transit,VPN,Managed Laptop,UK,4,17,114.52,17.6,0,1,0,0,1,1,5,0,1,4,2,0.115,0.920,0,35.8,0,Success,0,0,Normal
E0218,2026-03-25 16:31:00,U1059,Wealth Management,Ops Lead,API_CALL,HR_Payroll,Archive,Internal LAN,Mobile,IN-MH,4,20,47.47,6.4,2,2,0,0,1,1,1,0,0,4,5,0.194,0.955,0,44.1,1,Step-Up,1,0,Monitor
E0219,2026-03-30 08:21:00,U1192,Wealth Management,Analyst,LOGIN,KYC_Doc_Store,Backup,Private API,Managed Laptop,US,4,199,48.67,5.2,0,1,0,0,1,1,4,0,1,2,4,0.059,0.990,1,35.9,0,Failure,0,0,Normal
E0220,2026-03-05 05:52:00,U1006,Retail Banking,Risk Officer,EXPORT,Credit_Risk_Model,At Rest,VPN,Mobile,AE,5,32,11.84,15.3,0,3,0,0,1,1,5,1,1,7,8,0.160,0.810,2,60.6,1,Step-Up,1,0,Anomalous Access Pattern
E0221,2026-03-10 11:09:00,U1252,Wealth Management,Associate,LOGIN,AML_Case_Files,At Rest,VPN,VDI,IN-MH,4,50,10.81,13.8,4,7,0,0,1,1,5,0,0,2,1,0.184,0.900,0,48.1,0,Success,0,0,Monitor
E0222,2026-03-22 06:08:00,U1263,Finance,Risk Officer,API_CALL,Treasury_Trades,Backup,Internal LAN,VDI,US,3,199,16.81,18.9,0,1,0,0,1,1,1,1,1,2,5,0.429,0.887,0,46.6,0,Failure,1,0,Monitor
E0223,2026-03-09 04:30:00,U1096,Operations,Risk Officer,WRITE,Payments_Ledger,In Transit,Public Internet,Managed Laptop,UK,1,102,34.35,8.9,0,0,0,0,1,1,5,1,1,3,7,0.284,0.784,0,21.2,0,Success,0,0,Normal
E0224,2026-03-11 18:14:00,U1010,Retail Banking,Auditor,EXPORT,Customer_PII_DB,Archive,Internal LAN,Server,IN-TN,5,84,45.72,19.5,0,0,0,0,1,1,4,0,0,2,21,0.084,0.875,1,58.9,0,Failure,1,0,Monitor
E0225,2026-03-14 20:21:00,U1169,Corporate Banking,Auditor,LOGIN,AML_Case_Files,Backup,Public Internet,Service Account,IN-DL,1,227,27.57,13.1,1,5,0,0,1,1,3,0,0,5,1,0.069,0.869,0,24.3,0,Success,0,0,Normal
E0226,2026-03-16 11:51:00,U1160,Risk,Ops Lead,LOGIN,Credit_Risk_Model,At Rest,Private API,Managed Laptop,IN-KA,4,214,48.10,9.1,0,2,0,0,1,1,2,0,0,2,4,0.256,0.845,0,39.6,0,Success,0,0,Normal
E0227,2026-03-17 19:53:00,U1196,Corporate Banking,Analyst,LOGIN,AML_Case_Files,In Transit,Internal LAN,Unmanaged Laptop,IN-DL,5,94,20.34,13.6,0,0,0,1,1,1,4,0,0,2,3,0.101,0.923,0,45.1,0,Success,1,0,Monitor
E0228,2026-03-07 10:55:00,U1220,Retail Banking,DB Admin,WRITE,Credit_Risk_Model,Backup,Private API,Managed Laptop,UK,1,85,20.31,27.7,5,2,0,0,1,1,2,0,1,3,7,0.216,0.837,0,23.0,0,Success,0,0,Normal
E0229,2026-03-28 02:42:00,U1139,Finance,Associate,LOGIN,Customer_PII_DB,In Transit,SFTP,Server,SG,2,53,42.52,11.1,0,3,0,0,1,1,1,1,1,1,4,0.371,0.843,5,29.3,0,Success,0,0,Normal
E0230,2026-03-21 17:00:00,U1057,Operations,Auditor,API_CALL,HR_Payroll,In Transit,VPN,Managed Laptop,AE,5,74,29.39,8.0,0,2,0,0,1,1,4,0,1,1,2,0.110,0.792,0,47.6,0,Success,1,0,Monitor
E0231,2026-03-29 23:49:00,U1205,Wealth Management,Risk Officer,API_CALL,Payments_Ledger,Backup,Private API,Mobile,IN-MH,4,100,42.05,8.3,0,0,0,0,1,1,4,1,0,2,9,0.097,0.862,1,40.5,0,Success,0,0,Monitor
E0232,2026-03-20 03:45:00,U1315,Corporate Banking,Manager,API_CALL,Treasury_Trades,Backup,Internal LAN,Mobile,IN-DL,3,11,24.16,13.8,0,0,0,0,1,0,5,1,0,1,4,0.033,0.823,0,34.1,0,Success,0,0,Normal
E0233,2026-03-08 01:03:00,U1004,Compliance,Auditor,LOGIN,Treasury_Trades,At Rest,Internal LAN,Managed Laptop,US,5,30,24.16,11.4,0,0,0,0,1,1,2,1,1,4,15,0.289,0.695,1,60.3,1,Step-Up,1,0,Anomalous Access Pattern
E0234,2026-03-23 10:26:00,U1201,Operations,Auditor,WRITE,Payments_Ledger,Archive,VPN,Unmanaged Laptop,IN-MH,4,25,33.60,19.9,0,3,0,1,1,1,4,0,0,1,4,0.579,0.916,0,62.7,1,Step-Up,1,0,Anomalous Access Pattern
E0235,2026-03-18 22:16:00,U1193,Corporate Banking,DB Admin,API_CALL,Credit_Risk_Model,Backup,Internal LAN,Managed Laptop,AE,3,143,45.42,17.6,1,0,0,0,1,1,2,1,1,3,2,0.032,0.772,1,21.9,0,Success,0,0,Normal
E0236,2026-03-23 08:24:00,U1116,Finance,Auditor,READ,Credit_Risk_Model,Archive,Private API,Server,IN-MH,5,177,63.99,20.9,0,0,0,0,1,1,3,0,0,3,3,0.059,0.755,0,49.6,0,Failure,1,0,Monitor
E0237,2026-03-06 01:06:00,U1016,Finance,Auditor,READ,AML_Case_Files,Backup,Internal LAN,Service Account,IN-MH,2,87,59.10,16.2,0,1,0,0,1,1,1,1,0,1,2,0.155,0.818,1,10.3,0,Success,0,0,Normal
E0238,2026-03-06 16:47:00,U1282,Wealth Management,Risk Officer,READ,HR_Payroll,At Rest,Private API,Service Account,IN-KA,2,42,9.53,52.7,0,0,0,0,1,1,2,0,0,1,1,0.388,0.795,0,13.6,0,Success,0,0,Normal
E0239,2026-03-11 00:36:00,U1188,Finance,Auditor,LOGIN,KYC_Doc_Store,In Transit,VPN,Managed Laptop,SG,5,26,2.52,12.0,2,2,0,0,1,1,3,1,1,3,1,0.060,0.764,0,42.1,0,Success,0,0,Monitor
E0240,2026-03-13 16:50:00,U1010,Wealth Management,DB Admin,API_CALL,AML_Case_Files,Archive,Internal LAN,Managed Laptop,IN-MH,4,77,50.71,20.0,1,0,1,0,1,1,5,0,0,2,12,0.145,0.858,3,57.6,0,Success,1,0,Monitor
E0241,2026-03-11 20:12:00,U1144,Treasury,Analyst,LOGIN,KYC_Doc_Store,At Rest,SFTP,VDI,IN-KA,5,43,17.17,64.1,1,0,0,0,1,1,3,0,0,2,2,0.240,0.990,2,37.1,0,Success,0,0,Normal
E0242,2026-03-23 12:35:00,U1090,Treasury,Director,READ,Customer_PII_DB,In Transit,Internal LAN,Managed Laptop,SG,4,75,41.17,16.8,0,1,0,0,1,1,3,0,1,2,3,0.411,0.990,0,33.9,0,Success,0,0,Normal
E0243,2026-03-28 14:58:00,U1209,Operations,Ops Lead,API_CALL,Audit_Archive,Archive,SFTP,Managed Laptop,IN-MH,3,160,32.06,12.5,0,0,0,0,1,0,2,0,0,3,4,0.197,0.753,0,32.6,0,Success,0,0,Normal
E0244,2026-03-14 08:06:00,U1125,Risk,Ops Lead,LOGIN,Audit_Archive,In Transit,VPN,VDI,IN-MH,2,8,26.20,13.1,0,0,0,0,1,1,4,0,0,3,8,0.176,0.863,0,18.0,0,Success,0,0,Normal
E0245,2026-03-20 01:15:00,U1052,Compliance,DB Admin,READ,Customer_PII_DB,Archive,Internal LAN,Managed Laptop,IN-MH,5,175,22.14,15.9,2,3,0,0,1,1,1,1,0,3,3,0.284,0.872,1,56.6,0,Success,1,0,Monitor
E0246,2026-03-13 17:04:00,U1153,Corporate Banking,Director,DOWNLOAD,Customer_PII_DB,Archive,Internal LAN,Unmanaged Laptop,UK,2,57,64.06,9.9,0,0,0,1,1,1,3,0,1,1,23,0.036,0.936,0,46.7,0,Success,0,0,Monitor
E0247,2026-03-21 05:24:00,U1135,Wealth Management,DB Admin,READ,Credit_Risk_Model,Backup,Public Internet,Managed Laptop,IN-KA,1,108,19.82,27.1,0,1,0,0,0,0,5,1,0,1,21,0.033,0.832,1,50.7,0,Success,1,0,Monitor
E0248,2026-03-24 11:56:00,U1223,Risk,Analyst,READ,Treasury_Trades,In Transit,Internal LAN,VDI,IN-DL,5,35,74.85,42.9,0,1,0,0,1,1,5,0,0,2,6,0.336,0.962,0,56.2,1,Step-Up,1,0,Monitor
E0249,2026-03-11 16:31:00,U1138,Retail Banking,Auditor,DOWNLOAD,AML_Case_Files,At Rest,VPN,Managed Laptop,SG,4,49,6.13,4.7,0,2,0,0,1,1,4,0,1,2,5,0.547,0.835,1,50.9,0,Success,1,0,Monitor
E0250,2026-03-08 03:28:00,U1149,Wealth Management,Director,LOGIN,Audit_Archive,Backup,VPN,Mobile,IN-KA,1,49,15.27,3.2,0,0,0,0,1,1,4,1,0,1,7,0.013,0.920,1,10.4,0,Success,0,0,Normal
E0251,2026-03-02 01:35:00,U1235,Compliance,Auditor,READ,KYC_Doc_Store,Archive,Internal LAN,Unmanaged Laptop,IN-MH,4,80,99.34,12.1,0,1,0,1,1,1,1,1,0,2,3,0.219,0.868,0,39.8,0,Success,0,0,Normal
E0252,2026-03-26 18:55:00,U1253,Risk,Analyst,READ,KYC_Doc_Store,Backup,Private API,Managed Laptop,SG,5,221,72.97,6.7,0,1,0,0,1,1,1,0,1,4,2,0.442,0.942,0,41.1,1,Step-Up,1,0,Monitor
E0253,2026-03-10 07:19:00,U1242,Operations,Auditor,DOWNLOAD,Audit_Archive,In Transit,Internal LAN,VDI,IN-TN,3,57,21.80,19.5,0,0,0,0,1,1,2,0,0,4,3,0.144,0.800,0,16.5,0,Success,0,0,Normal
E0254,2026-03-30 08:19:00,U1295,Wealth Management,Ops Lead,LOGIN,KYC_Doc_Store,Archive,Internal LAN,Managed Laptop,IN-MH,2,34,64.06,12.5,1,0,0,0,1,0,5,0,0,1,6,0.075,0.834,1,25.6,0,Success,0,0,Normal
E0255,2026-03-06 11:20:00,U1092,Wealth Management,Ops Lead,READ,Audit_Archive,Archive,Public Internet,Managed Laptop,IN-TN,5,200,5.23,4.6,0,0,0,0,0,1,3,0,0,2,2,0.385,0.860,0,51.8,1,Step-Up,0,0,Monitor
E0256,2026-03-05 17:28:00,U1015,Retail Banking,Ops Lead,EXPORT,Credit_Risk_Model,In Transit,Private API,Managed Laptop,IN-TN,1,19,60.29,69.3,0,4,0,0,1,1,1,0,0,2,1,0.131,0.822,1,7.6,0,Success,0,0,Normal
E0257,2026-03-22 01:43:00,U1047,Corporate Banking,Associate,READ,Payments_Ledger,In Transit,Internal LAN,VDI,IN-MH,2,117,24.84,17.0,2,1,0,0,1,1,2,1,0,5,3,0.126,0.831,2,23.7,0,Success,0,0,Normal
E0258,2026-03-30 05:02:00,U1019,Finance,Manager,API_CALL,AML_Case_Files,In Transit,VPN,Managed Laptop,SG,3,135,19.28,17.7,0,0,0,0,1,1,3,1,1,2,1,0.155,0.990,1,19.3,0,Success,0,0,Normal
E0259,2026-03-05 13:27:00,U1157,Treasury,Ops Lead,READ,Credit_Risk_Model,At Rest,VPN,Mobile,IN-DL,4,131,8.40,15.1,0,0,0,0,1,1,2,0,0,2,3,0.135,0.910,3,34.1,0,Success,0,0,Normal
E0260,2026-03-21 21:02:00,U1236,Wealth Management,Manager,READ,Credit_Risk_Model,In Transit,Private API,Managed Laptop,IN-MH,2,177,43.11,16.0,0,0,0,0,1,1,5,1,0,4,17,0.126,0.990,2,36.9,0,Success,0,0,Normal
E0261,2026-03-27 16:32:00,U1312,Retail Banking,Director,READ,Treasury_Trades,Backup,Internal LAN,Mobile,IN-MH,5,86,17.41,10.9,1,0,0,0,1,1,4,0,0,2,16,0.173,0.812,2,53.6,0,Success,0,0,Monitor
E0262,2026-03-03 11:32:00,U1133,Compliance,Risk Officer,LOGIN,Payments_Ledger,Archive,VPN,VDI,SG,5,28,15.10,33.1,0,0,1,0,1,1,4,0,1,1,6,0.101,0.850,0,49.3,1,Step-Up,1,0,Monitor
E0263,2026-03-19 00:46:00,U1044,Risk,Manager,DOWNLOAD,Credit_Risk_Model,In Transit,VPN,Unmanaged Laptop,IN-KA,4,98,58.57,11.6,0,0,0,1,1,1,1,1,0,3,1,0.578,0.823,0,52.1,0,Success,0,0,Monitor
E0264,2026-03-22 12:33:00,U1141,Risk,Risk Officer,LOGIN,Credit_Risk_Model,Backup,VPN,Managed Laptop,IN-KA,2,97,26.32,10.9,0,1,0,0,1,1,2,0,0,1,1,0.388,0.881,1,17.6,0,Success,0,0,Normal
E0265,2026-03-07 21:46:00,U1108,Finance,DB Admin,DOWNLOAD,Credit_Risk_Model,Archive,Internal LAN,Managed Laptop,US,1,105,22.92,28.7,0,0,0,0,1,0,5,1,1,2,5,0.485,0.833,5,25.7,0,Success,0,0,Normal
E0266,2026-03-14 04:02:00,U1206,Treasury,Manager,DELETE,Audit_Archive,In Transit,VPN,Mobile,IN-KA,3,121,60.28,16.5,0,0,0,0,1,1,4,1,0,8,8,0.065,0.900,0,30.9,0,Success,0,0,Normal
E0267,2026-03-28 18:04:00,U1292,Risk,Manager,EXPORT,Payments_Ledger,Backup,Internal LAN,Mobile,UK,4,120,53.16,3.8,0,3,0,0,1,1,3,0,1,2,6,0.123,0.944,1,45.7,1,Step-Up,0,0,Monitor
E0268,2026-03-24 15:43:00,U1037,Finance,Risk Officer,LOGIN,KYC_Doc_Store,At Rest,Public Internet,Mobile,AE,1,38,154.37,5.2,2,1,0,0,1,1,1,0,1,1,21,0.072,0.921,2,22.7,0,Success,0,0,Normal
E0269,2026-03-23 08:55:00,U1176,Risk,Auditor,WRITE,HR_Payroll,Backup,Public Internet,VDI,IN-DL,5,69,99.03,17.2,1,1,0,0,1,1,2,0,0,4,2,0.412,0.886,0,57.6,0,Failure,1,0,Monitor
E0270,2026-03-16 15:58:00,U1268,Treasury,Ops Lead,WRITE,HR_Payroll,In Transit,Private API,Unmanaged Laptop,IN-TN,4,46,17.74,53.0,1,0,0,1,1,1,1,0,0,4,2,0.504,0.886,0,46.4,0,Success,0,0,Monitor
E0271,2026-03-30 14:51:00,U1234,Risk,Director,READ,KYC_Doc_Store,Backup,Internal LAN,Managed Laptop,US,1,45,6.86,11.8,2,0,0,0,1,0,4,0,1,1,2,0.156,0.979,0,19.4,0,Success,0,0,Normal
E0272,2026-03-24 02:05:00,U1154,Finance,Auditor,READ,Treasury_Trades,Backup,Internal LAN,Mobile,IN-KA,4,230,29.75,29.6,0,2,0,0,1,1,2,1,0,1,2,0.148,0.749,2,37.7,0,Success,0,0,Normal
E0273,2026-03-08 04:30:00,U1265,Treasury,Ops Lead,PRIV_ESC,AML_Case_Files,Backup,Internal LAN,Managed Laptop,AE,3,50,185.31,9.0,0,2,1,0,1,1,1,1,1,4,6,0.407,0.816,1,56.4,1,Step-Up,0,0,Monitor
E0274,2026-03-12 01:34:00,U1246,Treasury,Ops Lead,API_CALL,HR_Payroll,At Rest,Public Internet,Unmanaged Laptop,AE,4,76,11.86,13.1,0,0,0,1,0,1,4,1,1,2,5,0.126,0.900,1,61.6,1,Failure,1,0,Data Exfiltration Risk
E0275,2026-03-10 18:37:00,U1240,Treasury,Ops Lead,READ,Audit_Archive,Backup,Internal LAN,Service Account,IN-KA,5,24,22.71,4.2,2,1,1,0,1,1,1,0,0,1,3,0.106,0.983,0,45.2,0,Success,1,0,Monitor
E0276,2026-03-13 14:24:00,U1078,Finance,DB Admin,LOGIN,Payments_Ledger,In Transit,Public Internet,Managed Laptop,IN-DL,4,182,14.13,9.6,2,1,0,0,1,1,2,0,0,4,1,0.209,0.835,3,34.9,0,Success,0,0,Normal
E0277,2026-03-13 08:05:00,U1182,Risk,Director,READ,HR_Payroll,At Rest,Private API,Managed Laptop,IN-TN,2,47,25.17,5.9,0,0,0,0,1,1,5,0,0,1,7,0.174,0.864,0,25.8,0,Success,0,0,Normal
E0278,2026-03-15 02:34:00,U1154,Corporate Banking,Risk Officer,READ,Payments_Ledger,Archive,Private API,Managed Laptop,AE,3,68,28.70,14.0,1,0,0,0,1,1,4,1,1,3,1,0.178,0.770,0,35.6,0,Success,0,0,Normal
E0279,2026-03-11 03:14:00,U1034,Corporate Banking,Risk Officer,READ,HR_Payroll,Archive,SFTP,Server,IN-DL,2,152,17.66,5.0,1,1,0,0,1,1,2,1,0,1,1,0.092,0.918,4,21.2,0,Success,0,0,Normal
E0280,2026-03-20 04:57:00,U1297,Operations,Manager,LOGIN,Customer_PII_DB,Archive,VPN,VDI,AE,1,114,16.96,11.9,1,2,0,0,1,1,2,1,1,2,3,0.372,0.700,0,27.8,0,Success,0,0,Normal
E0281,2026-03-24 14:57:00,U1188,Compliance,Associate,WRITE,Customer_PII_DB,In Transit,Internal LAN,Service Account,US,1,74,62.76,12.3,3,9,0,0,1,1,2,0,1,3,8,0.413,0.888,0,32.3,0,Success,0,0,Normal
E0282,2026-03-11 07:08:00,U1104,Treasury,Risk Officer,READ,AML_Case_Files,Backup,Internal LAN,Mobile,IN-TN,4,62,13.90,5.3,0,2,0,0,1,1,2,0,0,2,3,0.171,0.821,0,34.5,0,Success,0,0,Normal
E0283,2026-03-13 12:53:00,U1061,Operations,Analyst,DOWNLOAD,Payments_Ledger,Archive,Internal LAN,Unmanaged Laptop,US,5,132,70.49,3.6,0,0,0,1,1,1,4,0,1,3,6,0.138,0.840,3,66.2,1,Blocked,1,1,Credential Abuse Suspected
E0284,2026-03-24 02:40:00,U1129,Operations,Risk Officer,PRIV_ESC,Payments_Ledger,At Rest,Internal LAN,Server,IN-KA,4,31,71.83,16.0,1,2,0,0,1,1,1,1,0,3,4,0.351,0.813,0,38.3,0,Success,0,0,Normal
E0285,2026-03-24 18:59:00,U1222,Retail Banking,Risk Officer,LOGIN,Customer_PII_DB,In Transit,VPN,Managed Laptop,AE,1,38,9.10,24.0,1,0,0,0,1,1,3,0,1,2,1,0.099,0.757,0,4.9,0,Success,0,0,Normal
E0286,2026-03-11 08:34:00,U1052,Operations,Auditor,API_CALL,Payments_Ledger,Archive,Internal LAN,Unmanaged Laptop,IN-MH,4,64,26.21,7.7,0,0,0,1,1,1,5,0,0,1,1,0.312,0.836,0,39.7,0,Success,0,0,Normal
E0287,2026-03-14 09:01:00,U1116,Corporate Banking,Ops Lead,DOWNLOAD,Customer_PII_DB,In Transit,VPN,VDI,IN-KA,4,16,19.41,6.9,3,2,0,0,1,1,4,0,0,2,5,0.244,0.818,1,41.0,0,Failure,1,0,Monitor
E0288,2026-03-12 05:40:00,U1260,Treasury,Associate,LOGIN,Audit_Archive,At Rest,Private API,Mobile,UK,5,126,4.31,11.3,0,0,0,0,1,1,1,1,1,2,1,0.301,0.799,1,46.2,0,Success,0,0,Monitor
E0289,2026-03-19 12:42:00,U1004,Treasury,Ops Lead,PRIV_ESC,Customer_PII_DB,Backup,VPN,VDI,IN-MH,1,79,45.83,19.5,0,0,0,0,1,1,1,0,0,2,3,0.379,0.807,2,6.6,0,Success,0,0,Normal
E0290,2026-03-12 20:32:00,U1117,Wealth Management,Director,WRITE,Payments_Ledger,Backup,VPN,Managed Laptop,IN-KA,5,14,39.54,5.4,0,2,0,0,1,1,1,0,0,2,2,0.505,0.818,2,37.6,0,Failure,0,0,Normal
E0291,2026-03-15 04:25:00,U1179,Compliance,Associate,LOGIN,Credit_Risk_Model,At Rest,VPN,Mobile,AE,3,75,27.64,13.4,0,0,0,0,1,1,2,1,1,2,9,0.456,0.899,2,38.5,0,Success,0,0,Normal
E0292,2026-03-07 03:58:00,U1150,Finance,Director,API_CALL,AML_Case_Files,Archive,VPN,Managed Laptop,IN-MH,1,39,22.11,19.1,1,0,0,0,1,1,1,1,0,1,12,0.302,0.874,0,13.7,0,Success,0,0,Normal
E0293,2026-03-09 10:50:00,U1038,Risk,Ops Lead,LOGIN,HR_Payroll,In Transit,VPN,Mobile,IN-MH,4,15,4.43,5.0,0,0,0,0,1,1,3,0,0,4,8,0.183,0.915,0,33.1,0,Success,0,0,Normal
E0294,2026-03-23 05:15:00,U1203,Compliance,Analyst,READ,HR_Payroll,In Transit,Public Internet,Managed Laptop,SG,1,15,5.17,16.5,0,2,0,0,1,1,4,1,1,5,4,0.044,0.898,0,9.3,0,Success,0,0,Normal
E0295,2026-03-09 14:24:00,U1023,Risk,Ops Lead,DELETE,Credit_Risk_Model,Backup,Private API,Managed Laptop,IN-MH,4,18,25.13,9.5,0,0,0,0,1,1,4,0,0,1,4,0.178,0.882,0,30.2,0,Success,0,0,Normal
E0296,2026-03-18 08:23:00,U1199,Retail Banking,Analyst,LOGIN,Payments_Ledger,In Transit,Public Internet,Managed Laptop,IN-DL,1,877,13.77,9.7,1,1,0,0,1,1,4,0,0,2,2,0.082,0.830,0,37.6,0,Success,0,0,Normal
E0297,2026-03-19 16:14:00,U1065,Risk,Risk Officer,LOGIN,Audit_Archive,In Transit,SFTP,Unmanaged Laptop,IN-TN,4,57,22.70,8.1,0,0,0,1,1,1,2,0,0,3,3,0.149,0.956,0,32.6,0,Success,0,0,Normal
E0298,2026-03-24 13:14:00,U1227,Wealth Management,Manager,READ,Treasury_Trades,Archive,VPN,Managed Laptop,AE,5,212,50.26,6.9,0,1,0,0,1,1,5,0,1,6,12,0.048,0.937,2,62.3,1,Step-Up,1,0,Credential Abuse Suspected
E0299,2026-03-07 22:02:00,U1061,Treasury,Risk Officer,DOWNLOAD,AML_Case_Files,In Transit,VPN,VDI,SG,3,24,44.97,9.8,0,0,0,0,1,1,3,1,1,5,9,0.059,0.785,0,40.7,0,Success,0,0,Monitor
E0300,2026-03-08 16:39:00,U1099,Operations,Auditor,DOWNLOAD,Customer_PII_DB,Archive,Internal LAN,Managed Laptop,SG,3,47,41.59,13.7,0,0,0,0,1,1,3,0,1,3,7,0.121,0.903,0,30.0,0,Success,0,0,Normal
E0301,2026-03-05 20:55:00,U1091,Risk,Associate,WRITE,Credit_Risk_Model,In Transit,Public Internet,Server,IN-MH,1,116,14.99,13.9,0,3,0,0,0,1,1,0,0,1,4,0.088,0.990,0,11.3,0,Success,0,0,Normal
E0302,2026-03-06 15:27:00,U1096,Corporate Banking,Director,LOGIN,Treasury_Trades,In Transit,Internal LAN,Server,IN-KA,4,67,16.87,21.3,1,4,0,0,1,1,2,0,0,1,9,0.036,0.959,0,42.0,0,Success,1,0,Monitor
E0303,2026-03-21 12:22:00,U1190,Operations,DB Admin,DOWNLOAD,HR_Payroll,Backup,VPN,VDI,IN-MH,2,22,27.40,32.5,2,0,0,0,1,1,4,0,0,3,7,0.110,0.948,0,13.2,0,Success,0,0,Normal
E0304,2026-03-23 15:12:00,U1156,Wealth Management,Manager,LOGIN,KYC_Doc_Store,In Transit,Internal LAN,Mobile,IN-TN,4,39,20.53,11.1,0,0,0,0,1,1,5,0,0,2,2,0.243,0.762,3,35.6,0,Success,0,0,Normal
E0305,2026-03-15 05:22:00,U1285,Finance,Auditor,WRITE,Audit_Archive,In Transit,Private API,Service Account,UK,5,80,70.66,11.8,0,0,0,0,1,1,5,1,1,1,2,0.070,0.786,1,49.6,0,Success,1,0,Monitor
E0306,2026-03-26 13:43:00,U1164,Treasury,Auditor,DOWNLOAD,Audit_Archive,In Transit,Private API,VDI,AE,5,83,31.98,7.8,1,2,0,0,1,1,2,0,1,4,1,0.276,0.827,0,52.4,0,Success,1,0,Monitor
E0307,2026-03-06 15:20:00,U1283,Retail Banking,Ops Lead,DOWNLOAD,Credit_Risk_Model,Backup,Private API,Managed Laptop,IN-MH,4,96,7.02,5.9,0,1,0,0,1,0,2,0,0,2,1,0.067,0.771,0,25.6,0,Success,0,0,Normal
E0308,2026-03-25 22:40:00,U1230,Corporate Banking,Director,READ,KYC_Doc_Store,In Transit,Internal LAN,VDI,IN-DL,1,138,29.06,8.8,1,0,0,0,1,1,3,1,0,2,7,0.047,0.936,0,2.2,0,Success,0,0,Normal
E0309,2026-03-25 09:42:00,U1137,Retail Banking,Auditor,DELETE,AML_Case_Files,In Transit,Private API,VDI,IN-KA,2,46,14.42,17.2,0,0,1,0,1,1,1,0,0,1,26,0.233,0.910,0,46.2,1,Step-Up,1,0,Monitor
E0310,2026-03-09 05:36:00,U1256,Operations,Director,API_CALL,AML_Case_Files,Backup,VPN,Unmanaged Laptop,UK,4,61,101.08,6.0,1,5,0,1,1,1,3,1,1,2,3,0.105,0.924,0,61.0,1,Step-Up,1,0,Anomalous Access Pattern
E0311,2026-03-23 15:19:00,U1212,Wealth Management,DB Admin,READ,Customer_PII_DB,At Rest,Public Internet,Service Account,US,3,101,11.34,37.2,6,0,0,0,1,1,5,0,1,5,1,0.292,0.831,1,32.8,0,Success,0,0,Normal
E0312,2026-03-19 06:51:00,U1178,Operations,DB Admin,LOGIN,Credit_Risk_Model,Archive,Public Internet,Unmanaged Laptop,AE,1,262,20.95,10.5,2,0,1,1,1,1,2,1,1,2,7,0.192,0.897,0,33.8,0,Success,0,0,Normal
E0313,2026-03-17 23:46:00,U1113,Wealth Management,Risk Officer,EXPORT,AML_Case_Files,At Rest,Internal LAN,VDI,IN-MH,2,61,44.07,18.3,0,1,0,0,1,1,2,1,0,1,6,0.134,0.909,0,17.1,0,Success,0,0,Normal
E0314,2026-03-22 18:35:00,U1017,Retail Banking,DB Admin,DOWNLOAD,Audit_Archive,At Rest,Internal LAN,Unmanaged Laptop,UK,5,137,81.59,29.7,3,2,0,1,1,1,3,0,1,2,11,0.161,0.978,0,70.3,1,Blocked,1,1,Data Exfiltration Risk
E0315,2026-03-30 18:01:00,U1300,Retail Banking,Auditor,READ,HR_Payroll,In Transit,Private API,Managed Laptop,IN-MH,3,87,9.76,7.7,1,1,0,0,1,1,4,0,0,1,7,0.320,0.885,3,29.6,0,Success,0,0,Normal
E0316,2026-03-17 18:16:00,U1243,Corporate Banking,Risk Officer,READ,AML_Case_Files,Archive,Internal LAN,Managed Laptop,US,3,61,14.91,4.5,0,1,0,0,1,1,2,0,1,2,1,0.178,0.802,0,15.7,0,Success,0,0,Normal
E0317,2026-03-22 20:42:00,U1244,Risk,Director,DOWNLOAD,Treasury_Trades,At Rest,Internal LAN,Mobile,SG,1,35,33.03,4.5,4,1,0,0,1,1,4,0,1,3,2,0.022,0.832,0,9.4,0,Success,0,0,Normal
E0318,2026-03-30 09:38:00,U1307,Treasury,Director,DOWNLOAD,HR_Payroll,At Rest,VPN,Managed Laptop,IN-MH,1,274,19.59,4.1,1,3,0,0,1,1,4,0,0,2,18,0.318,0.865,0,38.3,0,Success,0,0,Normal
E0319,2026-03-12 10:48:00,U1148,Compliance,Auditor,EXPORT,Treasury_Trades,Backup,Private API,Managed Laptop,IN-MH,2,47,75.71,10.7,0,1,0,0,1,1,2,0,0,5,1,0.473,0.832,0,27.1,0,Success,0,0,Normal
E0320,2026-03-23 14:48:00,U1201,Operations,Director,DOWNLOAD,KYC_Doc_Store,Archive,VPN,Managed Laptop,IN-DL,3,26,33.60,7.1,3,1,0,0,1,1,4,0,0,2,3,0.088,0.879,1,25.2,0,Success,0,0,Normal
E0321,2026-03-11 11:45:00,U1283,Risk,Auditor,WRITE,Treasury_Trades,In Transit,Internal LAN,Mobile,UK,2,20,16.20,6.9,0,0,0,0,1,1,1,0,1,1,9,0.127,0.916,0,19.7,0,Success,0,0,Normal
E0322,2026-03-01 22:37:00,U1227,Finance,Risk Officer,EXPORT,Audit_Archive,In Transit,Public Internet,Mobile,SG,4,28,16.47,5.0,2,0,0,0,1,1,5,1,1,1,3,0.204,0.826,1,42.8,0,Failure,0,0,Monitor
E0323,2026-03-02 15:38:00,U1025,Wealth Management,Ops Lead,LOGIN,Payments_Ledger,In Transit,Internal LAN,VDI,IN-MH,1,70,17.10,7.0,0,0,0,0,1,1,1,0,0,1,12,0.096,0.990,0,8.1,0,Success,0,0,Normal
E0324,2026-03-07 03:24:00,U1241,Treasury,Analyst,READ,Credit_Risk_Model,In Transit,Private API,Server,IN-DL,3,59,82.00,4.7,0,5,0,0,1,1,3,1,0,2,6,0.246,0.819,3,50.1,1,Step-Up,1,0,Monitor
E0325,2026-03-23 21:34:00,U1019,Finance,Manager,READ,Audit_Archive,Backup,Internal LAN,Service Account,IN-KA,3,50,23.46,44.3,1,0,0,0,1,0,2,1,0,3,2,0.280,0.735,0,27.1,0,Success,0,0,Normal
E0326,2026-03-30 17:43:00,U1307,Wealth Management,Associate,WRITE,HR_Payroll,At Rest,Private API,Server,IN-TN,3,45,30.24,13.1,0,1,0,0,1,1,4,0,0,1,3,0.255,0.942,1,32.1,0,Success,0,0,Normal
E0327,2026-03-29 21:48:00,U1073,Compliance,Manager,LOGIN,Treasury_Trades,At Rest,VPN,Managed Laptop,IN-MH,1,22,15.65,5.2,0,3,1,0,1,1,1,1,0,6,1,0.042,0.837,1,30.1,0,Success,0,0,Normal
E0328,2026-03-16 01:06:00,U1302,Operations,Manager,DOWNLOAD,KYC_Doc_Store,In Transit,Internal LAN,Managed Laptop,IN-TN,3,176,6.63,19.2,1,1,0,0,1,1,2,1,0,3,7,0.176,0.969,0,30.4,0,Success,0,0,Normal
E0329,2026-03-16 04:34:00,U1158,Operations,Associate,READ,HR_Payroll,Archive,VPN,Unmanaged Laptop,US,3,8,17.12,24.8,0,0,0,1,1,1,4,1,1,2,2,0.517,0.958,4,39.3,0,Success,0,0,Normal
E0330,2026-03-05 21:27:00,U1316,Compliance,Auditor,LOGIN,Payments_Ledger,Backup,Internal LAN,Unmanaged Laptop,US,2,139,7.33,15.1,2,1,0,1,1,1,3,1,1,4,12,0.131,0.796,1,48.1,0,Success,0,0,Monitor
E0331,2026-03-21 10:20:00,U1038,Treasury,Manager,WRITE,Audit_Archive,Backup,VPN,VDI,IN-TN,1,177,11.80,43.9,0,0,0,0,1,0,3,0,0,1,1,0.444,0.953,1,18.6,0,Success,0,0,Normal
E0332,2026-03-12 09:43:00,U1250,Wealth Management,Associate,API_CALL,Audit_Archive,In Transit,Internal LAN,Managed Laptop,IN-TN,4,119,82.18,39.6,0,0,0,0,1,1,5,0,0,1,20,0.425,0.943,0,67.1,1,Step-Up,1,0,Anomalous Access Pattern
E0333,2026-03-14 04:58:00,U1146,Finance,Analyst,WRITE,AML_Case_Files,At Rest,VPN,Server,AE,5,282,54.12,19.0,0,0,0,0,1,1,2,1,1,4,3,0.124,0.898,0,52.4,0,Failure,1,0,Monitor
E0334,2026-03-06 06:33:00,U1288,Risk,Risk Officer,LOGIN,Credit_Risk_Model,In Transit,Internal LAN,Unmanaged Laptop,IN-KA,2,22,44.86,21.5,0,0,0,1,1,1,3,1,0,2,2,0.030,0.925,0,21.7,0,Success,0,0,Normal
E0335,2026-03-22 21:38:00,U1183,Compliance,Associate,LOGIN,Audit_Archive,In Transit,Internal LAN,Managed Laptop,AE,1,354,19.04,15.8,5,2,0,0,1,1,3,1,1,1,7,0.090,0.957,1,31.3,0,Success,0,0,Normal
E0336,2026-03-02 15:44:00,U1002,Finance,Director,EXPORT,Customer_PII_DB,Backup,Public Internet,Unmanaged Laptop,US,3,246,32.96,5.5,6,1,0,1,1,0,3,0,1,1,4,0.050,0.670,1,54.4,1,Step-Up,1,0,Monitor
E0337,2026-03-13 23:27:00,U1048,Operations,Manager,API_CALL,Payments_Ledger,Backup,Internal LAN,Service Account,UK,3,138,4.15,8.1,2,1,0,0,1,1,5,1,1,3,5,0.229,0.782,0,48.8,0,Success,1,0,Monitor
E0338,2026-03-12 06:25:00,U1087,Corporate Banking,Ops Lead,READ,Payments_Ledger,At Rest,VPN,VDI,IN-MH,5,33,219.85,16.7,2,0,0,0,1,1,4,1,0,1,2,0.144,0.781,0,58.8,0,Failure,1,0,Monitor
E0339,2026-03-12 12:16:00,U1298,Treasury,Manager,READ,Treasury_Trades,In Transit,Public Internet,Managed Laptop,IN-KA,1,206,15.73,22.2,1,0,0,0,0,1,2,0,0,1,2,0.202,0.851,0,11.5,0,Success,0,0,Normal
E0340,2026-03-01 03:20:00,U1082,Wealth Management,DB Admin,READ,Customer_PII_DB,Archive,VPN,Managed Laptop,IN-MH,3,30,27.04,24.0,0,0,0,0,1,1,3,1,0,1,4,0.463,0.893,0,26.6,0,Success,0,0,Normal
E0341,2026-03-30 23:01:00,U1011,Compliance,Risk Officer,READ,Payments_Ledger,In Transit,Private API,Managed Laptop,IN-KA,5,242,13.97,14.0,0,0,0,0,1,1,3,1,0,3,6,0.060,0.765,0,45.7,0,Success,1,0,Monitor
E0342,2026-03-11 23:25:00,U1117,Operations,DB Admin,WRITE,Customer_PII_DB,At Rest,Internal LAN,Service Account,IN-MH,1,30,27.30,17.1,0,0,0,0,1,1,4,1,0,1,5,0.147,0.956,1,14.2,0,Success,0,0,Normal
E0343,2026-03-25 14:59:00,U1251,Treasury,Analyst,LOGIN,Treasury_Trades,Archive,Private API,Managed Laptop,IN-TN,2,165,25.70,9.1,1,0,0,0,1,1,1,0,0,2,7,0.044,0.887,0,25.0,0,Success,0,0,Normal
E0344,2026-03-14 15:14:00,U1033,Wealth Management,Manager,LOGIN,Credit_Risk_Model,Archive,Internal LAN,Managed Laptop,IN-MH,2,952,18.78,6.9,1,0,0,0,1,1,5,0,0,2,11,0.362,0.990,0,49.2,0,Success,1,0,Monitor
E0345,2026-03-27 11:02:00,U1028,Corporate Banking,Manager,READ,Payments_Ledger,Archive,Internal LAN,VDI,SG,2,224,8.43,4.6,0,0,0,0,1,1,1,0,1,1,1,0.426,0.918,0,17.5,0,Success,0,0,Normal
E0346,2026-03-01 12:35:00,U1016,Retail Banking,Analyst,READ,Credit_Risk_Model,At Rest,Internal LAN,Managed Laptop,AE,1,27,37.14,9.4,0,3,0,0,1,1,3,0,1,1,11,0.274,0.682,0,26.7,0,Success,0,0,Normal
E0347,2026-03-24 01:56:00,U1014,Wealth Management,DB Admin,READ,Customer_PII_DB,At Rest,Public Internet,Service Account,IN-KA,3,44,24.75,7.5,0,6,0,0,0,1,3,1,0,2,8,0.042,0.946,0,47.7,0,Success,1,0,Monitor
E0348,2026-03-06 13:42:00,U1271,Wealth Management,Auditor,READ,Customer_PII_DB,Backup,VPN,Managed Laptop,US,2,76,60.06,3.6,0,1,0,0,1,1,1,0,1,1,9,0.202,0.910,0,37.1,0,Success,0,0,Normal
E0349,2026-03-12 11:05:00,U1021,Corporate Banking,DB Admin,LOGIN,KYC_Doc_Store,Archive,Internal LAN,Service Account,IN-KA,3,54,43.18,16.3,3,3,1,0,1,0,4,0,0,1,10,0.155,0.933,0,55.9,1,Step-Up,0,0,Monitor
E0350,2026-03-16 11:17:00,U1030,Retail Banking,Auditor,PRIV_ESC,KYC_Doc_Store,In Transit,Internal LAN,Managed Laptop,AE,3,24,83.61,11.1,2,0,1,0,1,1,2,0,1,1,6,0.084,0.941,0,42.2,0,Success,0,0,Monitor
E0351,2026-03-02 05:01:00,U1172,Retail Banking,Associate,LOGIN,Payments_Ledger,In Transit,Private API,Mobile,IN-MH,4,32,29.56,29.7,3,3,0,0,1,1,5,1,0,3,5,0.176,0.794,0,46.1,0,Success,1,0,Monitor
E0352,2026-03-19 12:51:00,U1081,Risk,Manager,API_CALL,Credit_Risk_Model,At Rest,Internal LAN,Managed Laptop,IN-KA,1,552,16.63,8.1,1,1,0,0,1,1,3,0,0,1,8,0.064,0.838,3,31.2,0,Success,0,0,Normal
E0353,2026-03-21 17:40:00,U1109,Corporate Banking,Ops Lead,READ,Credit_Risk_Model,In Transit,Internal LAN,Managed Laptop,IN-MH,4,67,36.31,23.9,0,3,0,0,1,1,5,0,0,3,2,0.338,0.939,0,42.7,1,Step-Up,0,0,Monitor
E0354,2026-03-05 15:55:00,U1010,Operations,DB Admin,EXPORT,Customer_PII_DB,Backup,SFTP,Mobile,IN-MH,3,44,4.56,22.4,1,2,0,0,1,1,3,0,0,5,15,0.329,0.900,1,43.3,1,Step-Up,1,0,Monitor
E0355,2026-03-15 02:09:00,U1098,Risk,Manager,READ,Treasury_Trades,Backup,Public Internet,VDI,IN-TN,5,292,19.66,34.4,0,0,0,0,1,0,4,1,0,1,1,0.077,0.878,2,49.8,1,Step-Up,1,0,Monitor
E0356,2026-03-16 16:29:00,U1073,Wealth Management,Associate,API_CALL,AML_Case_Files,Backup,Internal LAN,Server,UK,4,82,45.98,3.6,0,0,0,0,1,0,2,0,1,1,3,0.458,0.828,0,39.0,0,Success,0,0,Normal
E0357,2026-03-15 03:24:00,U1016,Compliance,Analyst,LOGIN,Credit_Risk_Model,Archive,Public Internet,Managed Laptop,SG,5,56,62.07,20.6,3,2,1,0,0,1,5,1,1,2,5,0.162,0.857,0,66.8,1,Step-Up,1,0,Credential Abuse Suspected
E0358,2026-03-23 12:57:00,U1307,Finance,DB Admin,WRITE,Credit_Risk_Model,At Rest,Public Internet,Unmanaged Laptop,IN-MH,4,132,16.63,20.9,1,0,0,1,0,1,2,0,0,5,5,0.330,0.944,0,60.4,1,Step-Up,1,0,Anomalous Access Pattern
E0359,2026-03-10 07:49:00,U1041,Treasury,Associate,EXPORT,Customer_PII_DB,Archive,Internal LAN,VDI,IN-MH,5,197,27.18,28.5,0,0,0,0,1,1,3,0,0,1,3,0.235,0.816,0,37.6,0,Success,0,0,Normal
E0360,2026-03-22 01:56:00,U1096,Finance,Manager,READ,Credit_Risk_Model,At Rest,Private API,Service Account,IN-DL,2,31,82.50,5.4,1,0,0,0,1,1,5,1,0,1,7,0.063,0.818,0,25.3,0,Success,0,0,Normal
E0361,2026-03-25 18:50:00,U1061,Wealth Management,Risk Officer,DOWNLOAD,Customer_PII_DB,Archive,Private API,Unmanaged Laptop,AE,5,110,56.38,4.7,0,0,0,1,1,1,3,0,1,1,6,0.522,0.844,0,64.6,1,Step-Up,1,0,Anomalous Access Pattern
E0362,2026-03-20 13:37:00,U1082,Compliance,Analyst,READ,Customer_PII_DB,Backup,Public Internet,Service Account,SG,2,115,51.07,9.3,2,0,0,0,1,1,1,0,1,1,4,0.389,0.848,0,15.5,0,Success,0,0,Normal
E0363,2026-03-29 00:22:00,U1195,Finance,Auditor,LOGIN,Payments_Ledger,Archive,VPN,Mobile,IN-KA,2,243,25.19,5.2,0,7,1,0,1,1,3,1,0,3,7,0.300,0.815,1,50.7,0,Success,0,0,Monitor
E0364,2026-03-25 15:45:00,U1192,Treasury,Ops Lead,READ,Credit_Risk_Model,Archive,VPN,Unmanaged Laptop,IN-MH,5,27,37.04,13.3,0,0,0,1,1,1,2,0,0,3,4,0.150,0.990,0,51.0,0,Failure,1,0,Monitor
E0365,2026-03-11 02:46:00,U1053,Operations,Ops Lead,READ,Payments_Ledger,Archive,Internal LAN,Managed Laptop,SG,5,36,61.02,20.1,1,0,0,0,1,0,3,1,1,2,6,0.426,0.740,0,65.7,1,Step-Up,1,0,Credential Abuse Suspected
E0366,2026-03-10 13:34:00,U1046,Wealth Management,Auditor,WRITE,HR_Payroll,At Rest,Internal LAN,Managed Laptop,IN-MH,2,10,68.82,27.4,0,0,0,0,1,1,1,0,0,1,2,0.198,0.957,0,9.3,0,Success,0,0,Normal
E0367,2026-03-16 20:27:00,U1071,Wealth Management,Manager,API_CALL,AML_Case_Files,Archive,Internal LAN,Managed Laptop,UK,5,39,32.27,19.5,1,1,0,0,1,1,3,0,1,2,7,0.487,0.945,3,52.4,0,Failure,0,0,Monitor
E0368,2026-03-14 23:09:00,U1301,Operations,Director,EXPORT,Treasury_Trades,At Rest,SFTP,Managed Laptop,US,1,51,9.91,13.1,0,0,0,0,1,1,5,1,1,2,7,0.061,0.913,0,13.7,0,Success,0,0,Normal
E0369,2026-03-08 15:10:00,U1108,Operations,Auditor,API_CALL,Payments_Ledger,In Transit,Private API,Managed Laptop,IN-DL,1,104,14.15,5.9,0,0,0,0,1,1,3,0,0,2,4,0.272,0.816,1,8.8,0,Success,0,0,Normal
E0370,2026-03-26 13:53:00,U1070,Compliance,DB Admin,WRITE,Customer_PII_DB,Backup,Internal LAN,Managed Laptop,US,4,39,20.17,14.8,0,0,0,0,1,1,2,0,1,4,1,0.204,0.990,3,33.3,0,Success,0,0,Normal
E0371,2026-03-26 01:27:00,U1086,Treasury,Director,WRITE,Audit_Archive,In Transit,Public Internet,Server,IN-DL,3,75,24.03,22.5,2,0,0,0,0,1,1,1,0,2,1,0.342,0.860,0,30.1,0,Success,0,0,Normal
E0372,2026-03-24 23:37:00,U1110,Finance,Associate,DOWNLOAD,Audit_Archive,In Transit,VPN,Mobile,AE,2,27,94.49,21.5,1,1,0,0,1,1,5,1,1,2,3,0.428,0.901,0,39.1,0,Success,0,0,Normal
E0373,2026-03-18 15:38:00,U1057,Corporate Banking,Ops Lead,DOWNLOAD,Audit_Archive,In Transit,SFTP,Server,IN-DL,1,114,64.28,10.2,0,0,0,0,1,1,5,0,0,1,3,0.201,0.810,0,5.2,0,Success,0,0,Normal
E0374,2026-03-22 05:36:00,U1059,Treasury,Analyst,EXPORT,Payments_Ledger,At Rest,Internal LAN,Unmanaged Laptop,IN-MH,2,25,32.17,17.3,0,0,0,1,1,1,2,1,0,2,2,0.633,0.793,0,40.8,1,Step-Up,1,0,Monitor
E0375,2026-03-01 09:32:00,U1077,Operations,Manager,EXPORT,AML_Case_Files,In Transit,Internal LAN,Server,IN-MH,3,215,13.67,45.2,0,3,0,0,1,1,5,0,0,2,7,0.155,0.853,0,36.3,0,Success,0,0,Normal
E0376,2026-03-28 06:20:00,U1044,Retail Banking,DB Admin,WRITE,Customer_PII_DB,Archive,Internal LAN,Managed Laptop,IN-KA,1,47,60.78,4.2,0,0,0,0,1,1,4,1,0,6,8,0.169,0.929,0,8.9,0,Failure,0,0,Normal
E0377,2026-03-05 20:14:00,U1237,Treasury,Auditor,WRITE,Payments_Ledger,At Rest,VPN,VDI,UK,5,31,147.73,10.7,0,0,0,0,1,1,4,0,1,1,5,0.476,0.922,0,56.4,0,Success,1,0,Monitor
E0378,2026-03-03 04:12:00,U1272,Compliance,Ops Lead,API_CALL,HR_Payroll,Backup,Internal LAN,Unmanaged Laptop,IN-MH,2,23,31.81,10.5,0,0,0,1,1,0,2,1,0,4,4,0.223,0.815,2,33.2,0,Success,0,0,Normal
E0379,2026-03-21 08:10:00,U1064,Finance,DB Admin,API_CALL,Customer_PII_DB,At Rest,Public Internet,Managed Laptop,IN-MH,5,87,40.63,19.9,1,2,0,0,1,1,5,0,0,2,3,0.344,0.908,1,46.9,0,Failure,1,0,Monitor
E0380,2026-03-08 22:16:00,U1094,Operations,Risk Officer,READ,KYC_Doc_Store,At Rest,SFTP,Unmanaged Laptop,IN-MH,3,26,8.84,13.4,0,0,0,1,1,1,1,1,0,5,7,0.212,0.810,0,40.4,1,Step-Up,0,0,Monitor
E0381,2026-03-07 16:07:00,U1228,Corporate Banking,Associate,API_CALL,KYC_Doc_Store,At Rest,Private API,Server,AE,4,159,17.15,8.8,2,1,0,0,1,1,5,0,1,1,4,0.025,0.925,1,35.9,0,Success,0,0,Normal
E0382,2026-03-30 11:44:00,U1262,Corporate Banking,Manager,API_CALL,KYC_Doc_Store,In Transit,VPN,Unmanaged Laptop,AE,2,53,92.69,15.0,0,0,0,1,1,1,1,0,1,3,3,0.047,0.833,0,32.9,0,Success,0,0,Normal
E0383,2026-03-09 06:29:00,U1310,Compliance,Analyst,API_CALL,KYC_Doc_Store,Archive,Internal LAN,Managed Laptop,IN-KA,5,57,30.54,11.3,0,0,0,0,1,1,5,1,0,8,3,0.064,0.880,0,49.6,0,Failure,1,0,Monitor
E0384,2026-03-22 19:46:00,U1309,Treasury,DB Admin,EXPORT,AML_Case_Files,At Rest,VPN,Managed Laptop,IN-KA,2,21,15.12,6.9,0,0,0,0,1,1,2,0,0,1,4,0.195,0.789,0,13.4,0,Success,0,0,Normal
E0385,2026-03-23 00:55:00,U1133,Corporate Banking,Manager,EXPORT,Customer_PII_DB,At Rest,Private API,Unmanaged Laptop,IN-DL,1,35,13.76,6.9,0,0,0,1,1,1,4,1,0,5,6,0.355,0.840,0,24.1,0,Success,0,0,Normal
E0386,2026-03-28 06:23:00,U1245,Treasury,Analyst,PRIV_ESC,Treasury_Trades,Archive,Private API,Managed Laptop,IN-MH,4,86,51.02,8.6,1,0,0,0,1,1,3,1,0,2,6,0.047,0.897,2,35.7,0,Success,0,0,Normal
E0387,2026-03-15 03:24:00,U1187,Operations,Risk Officer,DOWNLOAD,HR_Payroll,Backup,VPN,Managed Laptop,IN-TN,3,25,38.83,3.3,0,0,0,0,1,1,2,1,0,3,3,0.352,0.973,0,29.2,0,Success,0,0,Normal
E0388,2026-03-21 13:37:00,U1243,Wealth Management,DB Admin,WRITE,Credit_Risk_Model,Backup,VPN,Unmanaged Laptop,IN-MH,2,10,31.71,11.7,0,0,1,1,1,1,3,0,0,1,3,0.179,0.740,2,24.2,0,Success,0,0,Normal
E0389,2026-03-16 17:37:00,U1237,Wealth Management,Analyst,DELETE,Credit_Risk_Model,Backup,SFTP,Service Account,IN-MH,2,17,59.99,23.6,1,4,1,0,1,1,4,0,0,1,2,0.535,0.892,3,45.3,0,Failure,0,0,Monitor
E0390,2026-03-19 02:52:00,U1151,Risk,Director,EXPORT,Credit_Risk_Model,Archive,Internal LAN,Managed Laptop,US,5,53,9.81,24.3,0,2,0,0,1,1,2,1,1,3,6,0.169,0.951,0,44.0,0,Success,0,0,Monitor
E0391,2026-03-29 20:54:00,U1203,Corporate Banking,Associate,DOWNLOAD,KYC_Doc_Store,At Rest,Private API,Managed Laptop,IN-MH,3,21,23.07,4.2,1,3,0,0,1,1,4,0,0,2,7,0.011,0.782,1,26.8,0,Success,0,0,Normal
E0392,2026-03-25 12:35:00,U1301,Wealth Management,Risk Officer,DOWNLOAD,Credit_Risk_Model,At Rest,Internal LAN,Service Account,IN-TN,2,119,129.25,8.5,1,2,0,0,1,1,5,0,0,3,2,0.444,0.870,0,38.1,0,Success,0,0,Normal
E0393,2026-03-10 15:39:00,U1063,Treasury,Manager,READ,Payments_Ledger,At Rest,Internal LAN,Managed Laptop,IN-MH,1,107,27.05,30.9,1,1,0,0,1,1,4,0,0,3,6,0.187,0.947,1,14.5,0,Failure,0,0,Normal
E0394,2026-03-22 23:06:00,U1282,Compliance,Risk Officer,EXPORT,Treasury_Trades,Backup,Internal LAN,Server,IN-DL,1,159,15.00,11.3,0,1,0,0,1,1,4,1,0,2,9,0.595,0.876,1,42.0,1,Step-Up,0,0,Monitor
E0395,2026-03-24 19:01:00,U1288,Retail Banking,Ops Lead,LOGIN,AML_Case_Files,Archive,VPN,Managed Laptop,IN-MH,5,148,24.23,11.6,0,0,0,0,1,1,5,0,0,1,8,0.028,0.962,2,48.4,1,Step-Up,0,0,Monitor
E0396,2026-03-09 12:00:00,U1155,Wealth Management,Analyst,PRIV_ESC,Customer_PII_DB,Backup,Private API,Service Account,UK,3,46,95.92,10.3,1,0,0,0,1,1,1,0,1,4,2,0.299,0.961,0,32.9,0,Success,0,0,Normal
E0397,2026-03-13 00:43:00,U1068,Operations,Auditor,READ,Audit_Archive,Backup,Internal LAN,Server,IN-MH,4,109,52.01,22.4,1,1,1,0,1,1,1,1,0,2,6,0.119,0.875,5,57.4,0,Failure,1,0,Monitor
E0398,2026-03-23 02:16:00,U1135,Treasury,Manager,LOGIN,Treasury_Trades,At Rest,Internal LAN,Unmanaged Laptop,IN-KA,5,45,11.78,15.3,3,0,0,1,1,1,1,1,0,4,6,0.103,0.767,0,61.5,1,Blocked,1,1,Anomalous Access Pattern
E0399,2026-03-23 22:41:00,U1151,Compliance,Ops Lead,READ,Credit_Risk_Model,Archive,VPN,Mobile,IN-MH,4,36,16.87,3.6,1,3,0,0,1,1,3,1,0,3,2,0.031,0.788,0,46.5,0,Success,1,0,Monitor
E0400,2026-03-12 00:16:00,U1216,Operations,Manager,DOWNLOAD,AML_Case_Files,Backup,SFTP,Unmanaged Laptop,UK,4,23,30.27,26.2,0,3,0,1,1,1,3,1,1,2,1,0.261,0.895,0,48.0,0,Success,1,0,Monitor
E0401,2026-03-28 00:52:00,U1167,Retail Banking,Ops Lead,READ,HR_Payroll,Backup,Public Internet,VDI,IN-DL,2,45,48.12,2.4,2,1,0,0,0,0,1,1,0,2,9,0.450,0.707,0,38.8,0,Success,0,0,Normal
E0402,2026-03-21 00:45:00,U1225,Operations,Analyst,WRITE,HR_Payroll,At Rest,Public Internet,VDI,US,4,77,13.72,21.0,2,1,0,0,0,1,4,1,1,1,2,0.447,0.838,0,50.2,0,Success,1,0,Monitor
E0403,2026-03-29 00:09:00,U1178,Treasury,Ops Lead,LOGIN,Treasury_Trades,Backup,Public Internet,Managed Laptop,IN-MH,4,93,23.44,4.1,1,0,1,0,1,1,4,1,0,2,2,0.386,0.941,1,46.1,0,Success,1,0,Monitor
E0404,2026-03-14 00:14:00,U1276,Corporate Banking,DB Admin,READ,Customer_PII_DB,In Transit,Public Internet,Mobile,UK,2,127,21.49,23.2,2,1,0,0,0,1,1,1,1,1,3,0.259,0.990,0,22.2,0,Success,0,0,Normal
E0405,2026-03-08 14:56:00,U1119,Wealth Management,Analyst,API_CALL,Treasury_Trades,Archive,Public Internet,Service Account,UK,2,60,16.81,15.6,2,0,0,0,1,1,5,0,1,3,7,0.071,0.776,0,29.7,0,Success,0,0,Normal
E0406,2026-03-15 05:49:00,U1086,Finance,DB Admin,LOGIN,Payments_Ledger,Archive,VPN,Managed Laptop,IN-MH,3,229,100.73,11.9,0,0,0,0,1,1,1,1,0,3,2,0.143,0.949,4,33.2,0,Failure,0,0,Normal
E0407,2026-03-09 22:23:00,U1007,Retail Banking,Manager,READ,Treasury_Trades,At Rest,Internal LAN,VDI,IN-MH,2,24,40.41,10.2,2,2,0,0,1,1,4,1,0,2,3,0.390,0.953,0,16.1,0,Success,0,0,Normal
E0408,2026-03-07 00:12:00,U1083,Corporate Banking,Analyst,PRIV_ESC,Payments_Ledger,Archive,Public Internet,Server,AE,1,61,86.87,2.7,0,0,0,0,0,1,5,1,1,2,6,0.104,0.882,0,35.5,0,Success,0,0,Normal
E0409,2026-03-18 10:31:00,U1079,Risk,Risk Officer,READ,AML_Case_Files,Backup,Internal LAN,Managed Laptop,IN-KA,3,48,85.58,7.5,1,1,0,0,1,1,3,0,0,3,4,0.115,0.856,0,34.6,0,Success,0,0,Normal
E0410,2026-03-13 03:08:00,U1264,Treasury,Associate,API_CALL,Customer_PII_DB,Archive,SFTP,Mobile,SG,1,32,7.06,3.8,1,0,0,0,1,1,2,1,1,4,1,0.228,0.814,3,12.3,0,Failure,0,0,Normal
E0411,2026-03-22 05:59:00,U1256,Wealth Management,Auditor,WRITE,HR_Payroll,Archive,VPN,Service Account,UK,3,175,24.54,7.7,1,0,0,0,1,1,3,1,1,1,1,0.295,0.854,0,37.5,0,Success,0,0,Normal
E0412,2026-03-21 07:53:00,U1123,Treasury,Associate,READ,KYC_Doc_Store,In Transit,Internal LAN,VDI,IN-DL,1,37,68.88,18.2,0,3,0,0,1,1,1,0,0,1,1,0.058,0.899,0,1.2,0,Success,0,0,Normal
E0413,2026-03-26 08:22:00,U1081,Compliance,Ops Lead,READ,KYC_Doc_Store,In Transit,VPN,Service Account,UK,3,21,87.11,7.1,3,2,0,0,1,1,1,0,1,3,2,0.084,0.912,0,30.3,0,Success,0,0,Normal
E0414,2026-03-29 15:21:00,U1225,Operations,Manager,API_CALL,Payments_Ledger,At Rest,Private API,Managed Laptop,SG,1,61,41.98,6.4,2,0,0,0,1,1,5,0,1,2,4,0.083,0.711,0,21.4,0,Success,0,0,Normal
E0415,2026-03-12 04:50:00,U1192,Operations,Manager,API_CALL,Audit_Archive,In Transit,Private API,Managed Laptop,IN-MH,4,22,116.99,7.3,2,1,0,0,1,1,2,1,0,3,2,0.242,0.761,0,46.3,1,Step-Up,1,0,Monitor
E0416,2026-03-18 08:17:00,U1008,Retail Banking,Associate,DOWNLOAD,Credit_Risk_Model,Archive,Internal LAN,VDI,AE,5,140,18.58,40.4,2,0,0,0,1,1,3,0,1,3,1,0.057,0.987,3,47.0,0,Success,0,0,Monitor
E0417,2026-03-26 18:18:00,U1092,Treasury,Manager,LOGIN,Audit_Archive,Archive,Internal LAN,Managed Laptop,US,3,18,61.86,10.8,0,1,0,0,1,1,4,0,1,1,2,0.134,0.738,2,30.7,0,Success,0,0,Normal
E0418,2026-03-22 13:13:00,U1033,Operations,Risk Officer,WRITE,KYC_Doc_Store,Archive,Internal LAN,Managed Laptop,IN-DL,2,46,41.51,30.1,0,0,1,0,1,1,1,0,0,2,3,0.657,0.722,0,31.8,0,Success,0,0,Normal
E0419,2026-03-29 05:32:00,U1273,Wealth Management,DB Admin,DELETE,HR_Payroll,Archive,Internal LAN,Service Account,IN-TN,1,24,29.25,20.0,0,1,0,0,1,0,3,1,0,2,4,0.318,0.925,0,24.0,0,Success,0,0,Normal
E0420,2026-03-06 16:11:00,U1082,Treasury,Analyst,READ,Payments_Ledger,Backup,Private API,VDI,IN-TN,4,40,78.18,32.3,0,1,0,0,1,1,3,0,0,2,3,0.148,0.893,0,41.4,0,Success,0,0,Monitor
E0421,2026-03-07 06:01:00,U1165,Wealth Management,Director,READ,Audit_Archive,Archive,Public Internet,Managed Laptop,IN-KA,2,72,45.49,8.8,0,0,0,0,1,1,3,1,0,2,2,0.086,0.833,3,25.1,0,Success,0,0,Normal
E0422,2026-03-06 12:30:00,U1312,Wealth Management,Director,READ,KYC_Doc_Store,Backup,VPN,Managed Laptop,IN-DL,3,147,33.43,18.2,0,0,0,0,1,1,5,0,0,4,2,0.307,0.805,3,39.1,0,Success,0,0,Normal
E0423,2026-03-22 18:54:00,U1168,Retail Banking,DB Admin,WRITE,Audit_Archive,In Transit,Internal LAN,VDI,IN-TN,3,60,52.65,7.9,0,3,0,0,1,1,5,0,0,3,8,0.141,0.801,0,39.9,0,Failure,0,0,Normal
E0424,2026-03-27 02:35:00,U1134,Risk,Associate,LOGIN,KYC_Doc_Store,In Transit,Internal LAN,Managed Laptop,IN-KA,1,72,14.63,6.1,0,0,0,0,1,1,2,1,0,2,2,0.223,0.883,0,5.7,0,Success,0,0,Normal
E0425,2026-03-02 17:00:00,U1164,Compliance,Director,READ,Treasury_Trades,Backup,SFTP,Managed Laptop,US,5,218,20.04,2.9,2,0,0,0,1,1,2,0,1,2,2,0.258,0.818,0,48.8,1,Step-Up,0,0,Monitor
E0426,2026-03-21 18:23:00,U1225,Operations,Analyst,API_CALL,Credit_Risk_Model,Archive,VPN,Managed Laptop,US,2,38,16.72,18.1,1,0,1,0,1,1,2,0,1,1,1,0.336,0.862,0,25.5,0,Success,0,0,Normal
E0427,2026-03-30 05:26:00,U1134,Finance,Ops Lead,WRITE,Credit_Risk_Model,Backup,Internal LAN,Managed Laptop,IN-DL,5,186,63.19,5.5,2,0,0,0,1,0,5,1,0,3,3,0.292,0.828,0,73.3,1,Blocked,1,1,Credential Abuse Suspected
E0428,2026-03-03 03:29:00,U1263,Corporate Banking,DB Admin,READ,Audit_Archive,Archive,Private API,VDI,IN-MH,1,61,56.16,8.5,0,5,0,0,1,1,2,1,0,3,2,0.507,0.928,0,19.8,0,Success,0,0,Normal
E0429,2026-03-12 20:43:00,U1100,Wealth Management,Director,LOGIN,Customer_PII_DB,In Transit,Internal LAN,Managed Laptop,IN-KA,1,10,29.87,10.0,0,0,0,0,1,1,5,0,0,2,7,0.519,0.841,0,24.4,0,Success,0,0,Normal
E0430,2026-03-23 15:57:00,U1088,Finance,Ops Lead,READ,Audit_Archive,In Transit,Internal LAN,Managed Laptop,IN-KA,5,13,118.54,7.1,0,3,0,0,1,1,4,0,0,1,1,0.374,0.790,1,63.1,1,Blocked,1,1,Anomalous Access Pattern
E0431,2026-03-18 03:45:00,U1133,Corporate Banking,Ops Lead,EXPORT,Customer_PII_DB,Backup,Internal LAN,Managed Laptop,IN-MH,5,31,152.85,20.1,0,1,0,0,1,1,5,1,0,1,3,0.317,0.799,0,70.4,1,Blocked,1,1,Credential Abuse Suspected
E0432,2026-03-26 22:36:00,U1269,Finance,DB Admin,DOWNLOAD,Audit_Archive,Backup,Public Internet,Service Account,SG,3,209,10.81,17.9,0,1,0,0,0,1,2,1,1,1,3,0.129,0.769,1,39.9,0,Success,0,0,Normal
E0433,2026-03-28 00:52:00,U1083,Compliance,Associate,DOWNLOAD,Treasury_Trades,At Rest,Public Internet,Managed Laptop,IN-MH,4,58,40.87,12.9,0,2,1,0,1,1,3,1,0,3,4,0.079,0.920,1,48.0,0,Success,0,0,Monitor
E0434,2026-03-21 19:35:00,U1117,Wealth Management,Director,READ,Treasury_Trades,Archive,Public Internet,Service Account,IN-MH,4,37,30.61,17.5,0,0,0,0,1,0,1,0,0,1,6,0.207,0.969,0,22.8,0,Success,0,0,Normal
E0435,2026-03-22 16:52:00,U1208,Operations,Analyst,API_CALL,HR_Payroll,Archive,Internal LAN,VDI,IN-TN,3,121,37.20,19.4,0,0,0,0,1,1,1,0,0,2,2,0.377,0.922,0,24.0,0,Failure,0,0,Normal
E0436,2026-03-08 18:34:00,U1071,Operations,Associate,WRITE,Treasury_Trades,Backup,VPN,Mobile,US,2,48,17.25,23.2,1,3,0,0,1,1,4,0,1,1,7,0.489,0.865,1,36.6,0,Success,0,0,Normal
E0437,2026-03-12 14:25:00,U1208,Operations,Auditor,READ,Treasury_Trades,Backup,Internal LAN,Unmanaged Laptop,IN-KA,4,72,6.62,13.3,6,0,0,1,1,0,3,0,0,1,1,0.511,0.779,2,56.2,1,Step-Up,1,0,Monitor
E0438,2026-03-09 03:40:00,U1184,Compliance,Auditor,DOWNLOAD,Treasury_Trades,At Rest,VPN,Mobile,IN-DL,1,45,78.44,20.2,0,2,0,0,1,1,5,1,0,1,1,0.400,0.907,2,19.4,0,Success,0,0,Normal
E0439,2026-03-09 17:15:00,U1222,Finance,Auditor,DOWNLOAD,Customer_PII_DB,Archive,Private API,Service Account,SG,5,61,36.71,5.9,0,0,0,0,1,1,3,0,1,1,1,0.311,0.845,1,46.0,0,Failure,0,0,Monitor
E0440,2026-03-15 08:31:00,U1095,Wealth Management,Manager,API_CALL,Credit_Risk_Model,At Rest,VPN,Managed Laptop,IN-MH,3,60,29.88,9.3,1,0,0,0,1,1,5,0,0,2,4,0.349,0.990,0,27.5,0,Success,0,0,Normal
E0441,2026-03-22 11:52:00,U1238,Risk,Manager,DOWNLOAD,AML_Case_Files,Backup,VPN,Mobile,IN-KA,3,89,20.84,4.2,0,2,0,0,1,1,1,0,0,1,3,0.154,0.971,0,20.3,0,Success,0,0,Normal
E0442,2026-03-14 11:05:00,U1061,Corporate Banking,DB Admin,WRITE,KYC_Doc_Store,Archive,Internal LAN,Managed Laptop,AE,2,67,12.31,6.1,0,0,0,0,1,1,5,0,1,5,1,0.174,0.857,0,22.8,0,Success,0,0,Normal
E0443,2026-03-15 21:38:00,U1263,Risk,DB Admin,READ,Payments_Ledger,Backup,VPN,Unmanaged Laptop,IN-KA,4,65,26.40,13.5,0,0,0,1,1,1,5,1,0,1,7,0.510,0.908,0,58.0,0,Success,1,0,Monitor
E0444,2026-03-18 17:50:00,U1318,Compliance,Auditor,LOGIN,HR_Payroll,Backup,VPN,Mobile,US,4,26,19.43,6.0,0,1,0,0,1,1,1,0,1,3,5,0.194,0.921,2,34.6,0,Success,0,0,Normal
E0445,2026-03-24 19:39:00,U1094,Corporate Banking,Associate,LOGIN,Customer_PII_DB,In Transit,VPN,Managed Laptop,IN-TN,5,64,76.14,45.1,2,1,0,0,1,1,1,0,0,2,3,0.493,0.818,1,60.5,1,Step-Up,1,0,Anomalous Access Pattern
E0446,2026-03-15 11:47:00,U1203,Risk,Manager,READ,Payments_Ledger,At Rest,VPN,VDI,IN-MH,2,303,14.19,9.6,1,0,1,0,1,1,5,0,0,1,1,0.157,0.861,0,39.7,0,Success,0,0,Normal
E0447,2026-03-07 08:45:00,U1112,Finance,Associate,LOGIN,AML_Case_Files,In Transit,Internal LAN,Managed Laptop,IN-DL,1,102,68.22,11.3,1,2,0,0,1,1,2,0,0,2,1,0.094,0.990,1,14.9,0,Success,0,0,Normal
E0448,2026-03-08 05:01:00,U1210,Wealth Management,Risk Officer,READ,Treasury_Trades,Backup,Internal LAN,Managed Laptop,US,3,57,10.77,14.7,0,2,0,0,1,1,3,1,1,1,2,0.291,0.939,0,27.9,0,Success,0,0,Normal
E0449,2026-03-11 11:07:00,U1012,Operations,Director,EXPORT,Customer_PII_DB,Archive,VPN,Managed Laptop,UK,5,125,30.96,6.4,0,0,0,0,1,1,1,0,1,3,8,0.477,0.847,1,54.9,0,Success,1,0,Monitor
E0450,2026-03-13 07:59:00,U1157,Retail Banking,Director,API_CALL,Payments_Ledger,Archive,Internal LAN,Unmanaged Laptop,SG,3,33,57.43,18.3,1,1,0,1,1,0,3,0,1,1,2,0.196,0.925,2,39.1,0,Success,0,0,Normal
E0451,2026-03-04 00:24:00,U1254,Retail Banking,Analyst,LOGIN,KYC_Doc_Store,At Rest,VPN,Managed Laptop,IN-KA,2,290,9.31,14.1,1,0,0,0,1,1,5,1,0,3,2,0.138,0.919,0,32.8,0,Success,0,0,Normal
E0452,2026-03-25 06:48:00,U1099,Retail Banking,Analyst,WRITE,AML_Case_Files,At Rest,Public Internet,Managed Laptop,IN-TN,2,75,37.42,5.6,1,0,0,0,1,1,1,1,0,2,1,0.461,0.749,0,24.7,0,Success,0,0,Normal
E0453,2026-03-21 13:07:00,U1048,Treasury,Manager,READ,AML_Case_Files,At Rest,Public Internet,Unmanaged Laptop,IN-MH,4,66,129.43,7.2,1,4,0,1,0,1,3,0,0,1,2,0.666,0.854,0,68.0,1,Failure,1,0,Anomalous Access Pattern
E0454,2026-03-13 08:39:00,U1243,Compliance,DB Admin,API_CALL,AML_Case_Files,At Rest,Internal LAN,Managed Laptop,SG,3,46,12.71,18.6,0,1,0,0,1,1,2,0,1,1,7,0.267,0.941,1,23.1,0,Success,0,0,Normal
E0455,2026-03-13 23:52:00,U1246,Wealth Management,Auditor,DELETE,AML_Case_Files,In Transit,Internal LAN,Managed Laptop,IN-MH,1,66,28.17,20.0,1,5,0,0,1,1,1,1,0,2,6,0.130,0.893,1,25.8,0,Success,0,0,Normal
E0456,2026-03-13 16:18:00,U1139,Compliance,Risk Officer,DOWNLOAD,Customer_PII_DB,In Transit,Internal LAN,Mobile,IN-DL,3,43,57.82,8.2,1,0,0,0,1,1,1,0,0,2,4,0.113,0.754,0,20.3,0,Success,0,0,Normal
E0457,2026-03-27 06:25:00,U1199,Finance,Analyst,READ,Audit_Archive,Backup,VPN,Server,IN-MH,5,55,93.74,8.9,0,3,0,0,1,1,4,1,0,3,6,0.170,0.812,3,55.6,0,Success,1,0,Monitor
E0458,2026-03-15 15:19:00,U1146,Wealth Management,Auditor,EXPORT,KYC_Doc_Store,Archive,VPN,Managed Laptop,IN-MH,1,74,36.63,7.8,0,0,0,0,1,1,1,0,0,1,4,0.211,0.893,2,1.0,0,Success,0,0,Normal
E0459,2026-03-26 11:41:00,U1055,Treasury,Ops Lead,DELETE,AML_Case_Files,At Rest,VPN,VDI,AE,3,76,69.02,14.1,0,0,1,0,1,1,2,0,1,2,4,0.498,0.855,0,35.5,0,Success,0,0,Normal
E0460,2026-03-18 00:47:00,U1220,Retail Banking,DB Admin,WRITE,Audit_Archive,In Transit,SFTP,VDI,UK,3,23,75.94,8.0,0,6,0,0,1,1,3,1,1,1,16,0.194,0.876,3,50.8,1,Step-Up,0,0,Monitor
E0461,2026-03-09 08:10:00,U1002,Wealth Management,DB Admin,DOWNLOAD,AML_Case_Files,Archive,Private API,Service Account,UK,2,142,22.75,13.1,1,0,0,0,1,0,2,0,1,2,3,0.240,0.932,0,21.4,0,Success,0,0,Normal
E0462,2026-03-07 22:25:00,U1045,Corporate Banking,Manager,WRITE,AML_Case_Files,Backup,VPN,VDI,IN-MH,3,76,19.53,55.7,0,1,0,0,1,1,5,1,0,2,2,0.136,0.876,0,29.2,0,Success,0,0,Normal
E0463,2026-03-01 19:58:00,U1052,Operations,Associate,PRIV_ESC,Credit_Risk_Model,At Rest,Internal LAN,Server,IN-KA,3,93,16.56,8.7,1,1,0,0,1,1,1,0,0,1,12,0.102,0.953,1,27.9,0,Success,0,0,Normal
E0464,2026-03-05 18:38:00,U1182,Wealth Management,Manager,LOGIN,Customer_PII_DB,Backup,Internal LAN,VDI,US,4,139,15.55,11.1,0,1,1,0,1,1,5,0,1,2,3,0.195,0.779,0,52.7,1,Step-Up,0,0,Monitor
E0465,2026-03-08 00:53:00,U1306,Treasury,Director,API_CALL,AML_Case_Files,Backup,VPN,VDI,IN-DL,4,48,26.46,14.3,1,0,0,0,1,1,5,1,0,1,2,0.170,0.822,1,36.1,0,Success,0,0,Normal
E0466,2026-03-22 11:43:00,U1227,Retail Banking,Risk Officer,LOGIN,Audit_Archive,At Rest,VPN,VDI,IN-KA,3,54,29.16,12.6,1,0,0,0,1,1,1,0,0,5,5,0.197,0.793,0,21.6,0,Success,0,0,Normal
E0467,2026-03-26 00:48:00,U1207,Wealth Management,Auditor,LOGIN,Treasury_Trades,In Transit,Public Internet,Service Account,US,2,48,79.53,17.4,0,2,0,0,1,1,1,1,1,2,2,0.268,0.747,1,32.5,0,Success,0,0,Normal
E0468,2026-03-08 01:02:00,U1307,Wealth Management,Analyst,DOWNLOAD,Treasury_Trades,Archive,Internal LAN,Managed Laptop,IN-KA,3,137,28.22,9.2,0,0,0,0,1,1,3,1,0,2,6,0.265,0.888,0,36.7,0,Success,0,0,Normal
E0469,2026-03-15 18:14:00,U1197,Finance,Manager,READ,Credit_Risk_Model,Backup,Internal LAN,VDI,SG,4,24,22.48,10.8,0,1,0,0,1,1,4,0,1,1,11,0.504,0.871,0,58.0,1,Step-Up,0,0,Monitor
E0470,2026-03-27 21:52:00,U1030,Risk,Manager,LOGIN,Audit_Archive,In Transit,Internal LAN,Managed Laptop,IN-MH,5,375,16.29,11.0,2,1,0,0,1,1,3,1,0,3,10,0.194,0.914,0,67.4,1,Step-Up,1,0,Anomalous Access Pattern
E0471,2026-03-09 05:37:00,U1207,Finance,Director,LOGIN,Credit_Risk_Model,Archive,Public Internet,Managed Laptop,SG,2,105,15.70,17.6,2,0,0,0,1,1,5,1,1,1,7,0.069,0.798,4,30.6,0,Success,0,0,Normal
E0472,2026-03-04 06:02:00,U1010,Finance,DB Admin,API_CALL,Payments_Ledger,Archive,Private API,Unmanaged Laptop,UK,3,44,24.10,7.2,0,5,0,1,1,0,2,1,1,1,3,0.105,0.924,0,40.4,0,Success,0,0,Monitor
E0473,2026-03-04 23:02:00,U1199,Treasury,Associate,READ,Customer_PII_DB,Backup,SFTP,Mobile,IN-TN,2,408,24.93,23.6,0,1,0,0,1,1,4,1,0,1,4,0.357,0.987,0,28.6,0,Success,0,0,Normal
E0474,2026-03-08 03:21:00,U1127,Operations,Director,READ,Customer_PII_DB,In Transit,Internal LAN,Managed Laptop,IN-MH,3,35,13.01,21.6,0,1,0,0,1,1,5,1,0,1,8,0.154,0.885,2,35.0,0,Failure,0,0,Normal
E0475,2026-03-06 17:58:00,U1047,Compliance,Auditor,READ,Customer_PII_DB,Archive,Public Internet,VDI,IN-KA,5,79,87.43,5.1,0,0,1,0,0,1,3,0,0,3,9,0.154,0.809,0,64.2,1,Blocked,1,1,Data Exfiltration Risk
E0476,2026-03-12 11:06:00,U1073,Wealth Management,Associate,LOGIN,AML_Case_Files,At Rest,VPN,VDI,IN-MH,5,101,22.34,6.2,0,0,1,0,1,1,1,0,0,1,1,0.036,0.976,0,34.6,0,Failure,0,0,Normal
E0477,2026-03-06 23:24:00,U1257,Treasury,Associate,DELETE,KYC_Doc_Store,Backup,Public Internet,Mobile,IN-MH,2,34,29.44,29.3,0,0,0,0,0,1,5,1,0,2,2,0.270,0.957,0,25.2,0,Success,0,0,Normal
E0478,2026-03-08 19:38:00,U1245,Operations,Risk Officer,READ,Credit_Risk_Model,At Rest,Public Internet,Managed Laptop,IN-TN,5,131,39.54,6.3,0,1,0,0,1,1,1,0,0,3,1,0.418,0.892,0,42.1,0,Success,0,0,Monitor
E0479,2026-03-01 14:41:00,U1088,Wealth Management,Risk Officer,LOGIN,HR_Payroll,At Rest,Internal LAN,Unmanaged Laptop,IN-KA,3,82,13.11,9.5,1,1,1,1,1,1,1,0,0,2,8,0.054,0.854,0,43.0,0,Success,0,0,Monitor
E0480,2026-03-03 11:57:00,U1067,Finance,Risk Officer,WRITE,Treasury_Trades,Backup,Internal LAN,Mobile,IN-MH,2,29,26.25,7.3,0,5,0,0,1,1,1,0,0,2,1,0.146,0.819,2,16.7,0,Success,0,0,Normal
E0481,2026-03-20 02:59:00,U1107,Retail Banking,Risk Officer,LOGIN,KYC_Doc_Store,In Transit,VPN,Managed Laptop,IN-KA,4,164,32.16,16.6,0,1,1,0,1,1,2,1,0,1,1,0.074,0.951,1,39.0,0,Success,0,0,Normal
E0482,2026-03-08 12:46:00,U1275,Operations,Auditor,WRITE,Treasury_Trades,Archive,Private API,Managed Laptop,IN-DL,1,35,14.40,15.6,0,4,0,0,1,1,3,0,0,2,6,0.081,0.944,1,4.7,0,Success,0,0,Normal
E0483,2026-03-05 06:31:00,U1234,Compliance,Director,DOWNLOAD,KYC_Doc_Store,Backup,Internal LAN,Managed Laptop,UK,1,75,127.54,21.5,0,0,0,0,1,1,2,1,1,1,3,0.246,0.859,0,18.5,0,Success,0,0,Normal
E0484,2026-03-02 20:47:00,U1011,Finance,Risk Officer,WRITE,Treasury_Trades,Backup,VPN,Service Account,IN-MH,1,38,17.19,12.3,0,1,0,0,1,0,4,0,0,2,13,0.083,0.884,0,20.8,0,Success,0,0,Normal
E0485,2026-03-23 20:44:00,U1199,Operations,Analyst,DOWNLOAD,Treasury_Trades,Archive,Internal LAN,VDI,IN-MH,5,647,30.26,7.9,0,7,0,0,1,0,3,0,0,2,1,0.138,0.990,0,68.0,1,Step-Up,1,0,Anomalous Access Pattern
E0486,2026-03-19 07:19:00,U1243,Treasury,Analyst,READ,Credit_Risk_Model,At Rest,Public Internet,Mobile,IN-DL,2,64,25.41,20.9,1,0,0,0,1,1,1,0,0,2,3,0.421,0.947,0,18.8,0,Success,0,0,Normal
E0487,2026-03-28 18:49:00,U1014,Wealth Management,DB Admin,PRIV_ESC,Credit_Risk_Model,At Rest,VPN,Server,IN-TN,1,207,14.66,13.0,1,0,1,0,1,1,2,0,0,5,6,0.609,0.830,3,36.6,0,Success,0,0,Normal
E0488,2026-03-05 16:27:00,U1298,Wealth Management,Auditor,API_CALL,Credit_Risk_Model,At Rest,Internal LAN,Managed Laptop,IN-TN,1,79,36.14,20.7,0,1,0,0,1,1,1,0,0,2,4,0.238,0.858,1,13.4,0,Success,0,0,Normal
E0489,2026-03-01 02:23:00,U1308,Wealth Management,Associate,API_CALL,AML_Case_Files,At Rest,Internal LAN,Unmanaged Laptop,IN-KA,1,80,55.44,17.3,2,0,0,1,1,1,3,1,0,1,8,0.370,0.868,1,20.7,0,Success,0,0,Normal
E0490,2026-03-30 22:26:00,U1084,Treasury,Auditor,LOGIN,Audit_Archive,In Transit,VPN,Managed Laptop,IN-MH,2,245,19.65,35.2,0,2,0,0,1,1,2,1,0,3,4,0.177,0.734,1,37.3,0,Success,0,0,Normal
E0491,2026-03-13 16:04:00,U1205,Retail Banking,Director,LOGIN,KYC_Doc_Store,In Transit,Internal LAN,Server,IN-DL,4,36,81.81,7.5,0,0,0,0,1,1,4,0,0,3,4,0.061,0.990,3,22.3,0,Failure,0,0,Normal
E0492,2026-03-24 20:49:00,U1085,Wealth Management,Manager,API_CALL,Credit_Risk_Model,At Rest,Internal LAN,Unmanaged Laptop,AE,5,77,71.14,13.0,1,1,0,1,1,1,4,0,1,2,4,0.229,0.937,0,62.2,1,Step-Up,1,0,Data Exfiltration Risk
E0493,2026-03-28 06:48:00,U1065,Corporate Banking,Manager,WRITE,Customer_PII_DB,At Rest,Private API,Managed Laptop,IN-MH,4,136,79.63,22.0,0,0,0,0,1,1,5,1,0,2,6,0.070,0.851,1,45.5,0,Success,1,0,Monitor
E0494,2026-03-26 22:50:00,U1220,Finance,Risk Officer,EXPORT,Payments_Ledger,Backup,VPN,VDI,IN-MH,5,866,103.28,23.7,0,0,0,0,1,1,1,1,0,2,1,0.394,0.955,2,69.1,1,Step-Up,1,0,Credential Abuse Suspected
E0495,2026-03-09 20:05:00,U1208,Finance,Ops Lead,READ,Customer_PII_DB,Archive,VPN,Managed Laptop,IN-MH,4,213,19.85,15.6,3,0,0,0,1,1,5,0,0,2,2,0.180,0.854,0,42.4,0,Failure,1,0,Monitor
E0496,2026-03-11 06:17:00,U1003,Operations,Associate,LOGIN,HR_Payroll,Archive,Internal LAN,VDI,IN-DL,4,482,11.12,9.7,0,5,1,0,1,1,5,1,0,4,2,0.101,0.712,0,69.2,1,Step-Up,1,0,Credential Abuse Suspected
E0497,2026-03-30 10:16:00,U1002,Finance,DB Admin,READ,Customer_PII_DB,In Transit,Private API,Server,SG,3,184,71.66,6.9,1,1,1,0,1,1,5,0,1,1,5,0.097,0.760,0,41.8,0,Success,0,0,Monitor
E0498,2026-03-20 21:40:00,U1122,Risk,Director,WRITE,AML_Case_Files,In Transit,Internal LAN,Service Account,IN-DL,4,8,30.23,11.3,1,1,0,0,1,1,1,1,0,2,5,0.447,0.798,2,45.1,0,Success,1,0,Monitor
E0499,2026-03-13 13:06:00,U1176,Operations,Analyst,READ,AML_Case_Files,In Transit,Internal LAN,Managed Laptop,IN-DL,4,272,47.78,26.9,0,0,0,0,1,1,1,0,0,6,5,0.327,0.717,0,45.8,0,Success,0,0,Monitor
E0500,2026-03-18 15:14:00,U1209,Wealth Management,Manager,READ,Audit_Archive,Archive,Private API,Managed Laptop,AE,2,100,31.45,5.7,2,0,0,0,1,1,1,0,1,1,3,0.138,0.895,0,20.4,0,Failure,0,0,Normal
