customer_id,first_name,last_name,age,date_of_birth,gender,marital_status,dependents,city,country,preferred_currency,education_level,occupation,kyc_status,onboarding_date,account_type,annual_income,net_worth,investable_assets,current_portfolio_value,monthly_contribution,emergency_fund_months,existing_debt,debt_to_income_ratio,tax_bracket,tax_loss_harvesting,goal_type,risk_tolerance,investment_horizon_yr,target_annual_return_pct,investment_style,preferred_benchmark,experience_level,liquidity_need,rebalance_frequency,loss_aversion_score_1_10,max_drawdown_tolerance_pct,uses_stop_loss,past_investing_experience,reaction_to_market_crash,esg_preference,preferred_sectors,excluded_sectors,international_exposure,alternative_assets,crypto_exposure,dividend_preference,suitability_score,suitability_label,goal_risk_aligned
CUST-0001,Ishaan,Okafor,60,16-10-1964,Female,Divorced,0,Seattle,USA,USD,CFA,Civil Engineer,Under Review,08-09-2023,Individual Brokerage,448109,10657079,5663627,4172642,1995,18,2614037,5.83,32%,No,Income,Conservative,20,6.3,Momentum,S&P 500,Advanced,High,Monthly,8,12,No,Stocks & Bonds,Buy more,Strong Preference,"Real Estate, Energy",Adult Entertainment,No,Yes,Maybe,Growth over income,75,High,TRUE
CUST-0002,Akira,Nair,35,19-10-1989,Male,Married,3,Houston,USA,USD,Master's,Financial Analyst,Pending,02-04-2024,Roth IRA,95566,311858,169064,147723,194,6,78840,0.82,24%,No,Aggressive Growth,Aggressive,5,27.3,Value,NASDAQ 100,Intermediate,High,Annual,3,32,Yes,Stocks only,Sell immediately,Mild Preference,"Technology, Real Estate, Industrials",Weapons,No,Yes,Yes,Growth over income,53,Medium,TRUE
CUST-0003,Benjamin,Ibrahim,42,01-05-1982,Non-binary,Widowed,3,Toronto,Canada,CAD,Bachelor's,Architect,Under Review,14-07-2017,Joint,158100,547469,266242,189028,188,1,82553,0.52,37%,No,Income,Conservative,15,9.3,Value,Russell 2000,Intermediate,High,Quarterly,7,7,No,Diversified,Panic but hold,Strong Preference,"Real Estate, Industrials","Adult Entertainment, Gambling",No,No,No,High dividend,42,Low,TRUE
CUST-0004,Layla,Kumar,42,12-05-1982,Female,Married,2,Amsterdam,Netherlands,EUR,CFA,Venture Capitalist,Under Review,10-06-2023,Joint,251920,3359444,1959567,975088,4272,12,1159286,4.6,22%,No,ESG,Moderate,10,9.4,Blend,MSCI World,Beginner,Low,Quarterly,4,21,Yes,Crypto,Buy more,Mild Preference,Industrials,"Tobacco, Gambling, Weapons",Partial,No,Yes,Growth over income,44,Low,TRUE
CUST-0005,Rahul,Zhang,51,02-04-1973,Female,Divorced,3,Chennai,India,INR,Master's,Professor,Verified,04-01-2020,Joint,164120,298965,129017,66476,2382,0,49840,0.3,37%,No,ESG,Aggressive,10,12.6,Momentum,Dow Jones,Intermediate,Medium,Semi-Annual,2,32,Yes,Diversified,Panic but hold,Against,"Communication Services, Consumer Staples, Energy","Alcohol, Fossil Fuels",Yes,No,Maybe,No preference,43,Low,TRUE
CUST-0006,Thomas,Rivera,32,01-12-1992,Male,Widowed,0,Amsterdam,Netherlands,EUR,High School,Data Scientist,Under Review,30-07-2017,Trust,86164,257179,103058,83849,1227,12,28326,0.33,24%,Yes,ESG,Moderate,3,10.2,Momentum,S&P 500,Expert,Low,Quarterly,5,14,Yes,No experience,Hold,Neutral,"Industrials, Real Estate, Consumer Staples",None,No,No,Yes,No preference,54,Medium,TRUE
CUST-0007,Wei,Hansen,57,19-10-1967,Non-binary,Widowed,1,Stockholm,Sweden,SEK,Master's,Lawyer,Under Review,31-03-2016,Roth IRA,593561,12463555,6886976,2483140,7592,18,1890697,3.19,32%,Yes,Aggressive Growth,Aggressive,3,24.7,Growth,MSCI World,Beginner,Low,Annual,3,30,Yes,Stocks & Bonds,Hold,Against,Communication Services,"Adult Entertainment, Fossil Fuels",No,No,No,No preference,55,Medium,TRUE
CUST-0008,Aisha,Suzuki,23,06-08-2001,Female,Single,2,Bangalore,India,INR,CFA,Surgeon,Pending,29-09-2020,Joint,80614,256373,138566,45478,330,18,32542,0.4,22%,Yes,Income,Conservative,10,9.4,Dividend,MSCI World,Beginner,Low,Quarterly,9,14,No,Stocks & Bonds,Consult advisor,Strong Preference,Real Estate,"Fossil Fuels, Weapons",No,Yes,Maybe,High dividend,63,Medium,TRUE
CUST-0009,Sofia,Hansen,33,21-02-1991,Female,Married,4,Houston,USA,USD,MBA,Consultant,Under Review,01-08-2024,Individual Brokerage,60839,467681,145299,83849,1508,6,13848,0.23,32%,Yes,Preservation,Moderate,20,3.7,Growth,NASDAQ 100,Expert,High,Quarterly,4,21,Yes,Real Estate,Buy more,Mild Preference,"Financials, Utilities",Weapons,Partial,Yes,Yes,High dividend,68,High,TRUE
CUST-0010,Liam,Iyer,67,16-06-1957,Non-binary,Married,2,Amsterdam,Netherlands,EUR,High School,Lawyer,Pending,14-05-2019,Roth IRA,625339,5345741,3026657,2589073,296,0,933918,1.49,37%,No,Balanced,Moderate,15,8.4,Dividend,Russell 2000,Intermediate,Medium,Monthly,6,10,Yes,Diversified,Hold,Mild Preference,"Consumer Staples, Financials, Communication Services","Tobacco, Energy",Partial,Yes,No,High dividend,41,Low,TRUE
CUST-0011,Hannah,Mehta,37,10-04-1987,Non-binary,Divorced,2,Bangalore,India,INR,High School,Product Manager,Under Review,24-09-2017,Individual Brokerage,173290,3179507,1997244,697679,3,0,836195,4.83,10%,Yes,Income,Conservative,7,5.1,Blend,Russell 2000,Beginner,Medium,Semi-Annual,10,13,Yes,Stocks & Bonds,Panic but hold,Against,"Industrials, Utilities, Real Estate",None,Partial,Yes,Maybe,No preference,57,Medium,TRUE
CUST-0012,Elena,Chopra,46,11-11-1978,Prefer not to say,Widowed,2,Stockholm,Sweden,SEK,PhD,Investment Banker,Under Review,23-03-2015,Individual Brokerage,258844,4661510,2313366,2307492,3915,12,1720271,6.65,35%,Yes,Aggressive Growth,Very Aggressive,30,24.9,ESG,NASDAQ 100,Expert,Low,Annual,1,48,Yes,Stocks only,Sell immediately,Neutral,"Real Estate, Energy",None,Yes,Yes,Maybe,No preference,59,Medium,TRUE
CUST-0013,Amelia,Anderson,75,26-08-1949,Male,Divorced,3,Chennai,India,INR,MBA,Professor,Pending,14-09-2021,401k,128513,12707596,9697356,5530471,309,3,4821767,37.52,22%,No,Income,Aggressive,20,10,Momentum,Russell 2000,Advanced,High,Quarterly,2,21,No,Diversified,Hold,Mild Preference,Consumer Staples,"Weapons, Fossil Fuels",No,Yes,Maybe,High dividend,59,Medium,FALSE
CUST-0014,Mohammed,Nair,55,09-12-1969,Female,Single,1,Zurich,Switzerland,CHF,CFA,Product Manager,Under Review,25-06-2018,Roth IRA,593689,11137568,7832517,2801255,4221,6,2039952,3.44,35%,Yes,Income,Conservative,15,7.9,Value,Dow Jones,Beginner,Medium,Monthly,7,8,Yes,Diversified,Panic but hold,Neutral,Energy,None,Partial,Yes,No,No preference,59,Medium,TRUE
CUST-0015,Elena,Rivera,61,22-07-1963,Non-binary,Married,1,Toronto,Canada,CAD,MBA,Doctor,Verified,26-12-2020,Traditional IRA,688116,12259009,8824303,6383524,7184,1,2960484,4.3,37%,No,Income,Conservative,7,8.5,Blend,NASDAQ 100,Advanced,High,Monthly,7,14,No,Stocks only,Buy more,Against,"Materials, Consumer Staples, Technology",Fossil Fuels,Yes,Yes,Yes,High dividend,66,High,TRUE
CUST-0016,Natalie,Das,47,07-06-1977,Non-binary,Divorced,3,Tokyo,Japan,JPY,Bachelor's,Professor,Under Review,11-12-2024,Roth IRA,188765,4608731,3200922,1748403,298,18,181776,0.96,24%,Yes,ESG,Moderate,20,10.7,Dividend,Dow Jones,Advanced,Low,Quarterly,5,13,No,Crypto,Consult advisor,Mild Preference,"Real Estate, Industrials",None,No,No,No,No preference,49,Medium,TRUE
CUST-0017,Isabella,Das,23,30-04-2001,Male,Widowed,1,Mumbai,India,INR,CFA,Civil Engineer,Pending,27-07-2020,Joint,73834,263585,82068,50686,1462,3,59203,0.8,37%,Yes,Income,Conservative,10,7.5,Growth,S&P 500,Intermediate,Low,Annual,7,5,Yes,Stocks & Bonds,Consult advisor,Against,"Materials, Technology",Fossil Fuels,No,Yes,Maybe,High dividend,53,Medium,TRUE
CUST-0018,Fatima,Chen,24,21-01-2000,Prefer not to say,Widowed,2,Hong Kong,Hong Kong,HKD,PhD,Architect,Pending,01-01-2015,Trust,147000,156433,63291,58458,2541,0,49275,0.34,22%,Yes,Income,Moderate,30,9.7,ESG,Russell 2000,Intermediate,Low,Monthly,6,25,Yes,Crypto,Hold,Neutral,"Real Estate, Consumer Staples, Financials","Alcohol, Tobacco",No,No,No,Growth over income,53,Medium,TRUE
CUST-0019,Ishaan,Garcia,45,20-10-1979,Prefer not to say,Divorced,2,London,UK,GBP,Bachelor's,Investment Banker,Verified,05-07-2017,Joint,344532,3711283,1681965,1171914,5950,0,747266,2.17,22%,No,Growth,Aggressive,30,13.7,Growth,NASDAQ 100,Expert,Low,Semi-Annual,2,32,Yes,Stocks & Bonds,Sell immediately,Strong Preference,"Energy, Materials",Adult Entertainment,Yes,No,No,High dividend,52,Medium,TRUE
CUST-0020,Rafael,Kapoor,43,28-04-1981,Non-binary,Widowed,4,Delhi,India,INR,MBA,Entrepreneur,Pending,18-05-2015,Joint,214003,3736248,1683517,1594166,2575,3,1032850,4.83,32%,Yes,Growth,Very Aggressive,20,14.8,Value,Russell 2000,Expert,Low,Annual,2,46,No,Diversified,Sell immediately,Mild Preference,"Utilities, Financials",Gambling,Yes,Yes,Maybe,Growth over income,62,Medium,TRUE
CUST-0021,Lina,Zhou,29,05-11-1995,Non-binary,Divorced,2,New York,USA,USD,Bachelor's,Architect,Verified,29-03-2022,401k,42832,358525,114029,37676,215,1,31510,0.74,10%,Yes,ESG,Conservative,10,13.6,Dividend,S&P 500,Intermediate,Medium,Semi-Annual,9,12,No,Diversified,Hold,Against,"Technology, Financials, Utilities",Tobacco,No,No,Maybe,Growth over income,32,Low,TRUE
CUST-0022,Nikhil,Rodriguez,52,30-12-1972,Female,Divorced,4,New York,USA,USD,High School,Investment Banker,Under Review,27-05-2020,Individual Brokerage,479849,3616324,2448600,1917253,9263,0,253018,0.53,10%,Yes,Preservation,Conservative,1,4.3,Value,Russell 2000,Expert,Medium,Quarterly,9,11,Yes,Stocks only,Hold,Neutral,"Consumer Staples, Industrials","Weapons, Alcohol",Partial,No,Yes,No preference,49,Medium,TRUE
CUST-0023,Aarav,Miller,34,30-06-1990,Non-binary,Widowed,0,Dubai,UAE,AED,PhD,Investment Banker,Under Review,21-12-2016,Individual Brokerage,131895,94517,37009,20262,478,1,10874,0.08,37%,Yes,Preservation,Conservative,1,3.7,Blend,MSCI World,Expert,Medium,Quarterly,8,5,Yes,Stocks & Bonds,Panic but hold,Against,Industrials,"Alcohol, Weapons",No,No,Yes,Growth over income,55,Medium,TRUE
CUST-0024,Daniel,Zhou,55,26-12-1969,Male,Single,0,Singapore,Singapore,SGD,High School,Investment Banker,Verified,10-02-2023,Traditional IRA,125336,10700190,5492760,1768210,620,24,3631219,28.97,24%,No,Aggressive Growth,Very Aggressive,7,27.6,Growth,MSCI World,Expert,High,Monthly,1,30,No,Stocks & Bonds,Panic but hold,Mild Preference,Healthcare,None,Partial,No,No,High dividend,58,Medium,TRUE
CUST-0025,Hannah,Gupta,41,08-02-1983,Female,Married,1,Paris,France,EUR,CFA,Venture Capitalist,Verified,05-08-2021,Traditional IRA,296395,1717700,1022980,745301,820,24,380377,1.28,10%,Yes,Preservation,Conservative,1,5.7,Growth,Dow Jones,Beginner,High,Annual,10,6,No,Crypto,Buy more,Neutral,Financials,Energy,Partial,No,Yes,No preference,57,Medium,TRUE
CUST-0026,Samuel,Zhang,56,22-07-1968,Non-binary,Single,0,Delhi,India,INR,PhD,Consultant,Under Review,17-05-2023,Traditional IRA,701250,9814998,5496240,2554942,8747,1,2055034,2.93,24%,Yes,Balanced,Moderate,3,12.3,Growth,MSCI World,Advanced,High,Annual,7,15,Yes,Diversified,Buy more,Mild Preference,Consumer Staples,"Adult Entertainment, Fossil Fuels, Weapons",Yes,No,No,High dividend,42,Low,TRUE
CUST-0027,Mohammed,Shah,28,05-05-1996,Non-binary,Single,1,Frankfurt,Germany,EUR,MBA,Civil Engineer,Under Review,16-10-2021,Roth IRA,104309,434399,152868,144865,793,0,90663,0.87,35%,No,Aggressive Growth,Very Aggressive,10,18.6,Growth,NASDAQ 100,Beginner,High,Monthly,1,49,No,Stocks only,Consult advisor,Against,Real Estate,"Energy, Weapons",No,No,Maybe,No preference,60,Medium,TRUE
CUST-0028,Rahul,Rodriguez,61,05-12-1963,Female,Widowed,3,New York,USA,USD,Master's,Doctor,Verified,25-04-2017,Trust,127106,10322705,7485280,2870931,513,1,2916215,22.94,10%,Yes,Balanced,Aggressive,15,8.5,Momentum,NASDAQ 100,Expert,High,Quarterly,5,21,Yes,Crypto,Panic but hold,Neutral,Communication Services,Adult Entertainment,Yes,Yes,Yes,Growth over income,36,Low,TRUE
CUST-0029,Sara,Rodriguez,36,26-04-1988,Prefer not to say,Divorced,2,Houston,USA,USD,CFA,Surgeon,Pending,05-11-2015,Trust,163669,2888433,1789328,1271616,3671,12,376835,2.3,35%,Yes,Growth,Moderate,30,14.1,Growth,MSCI World,Beginner,Medium,Annual,5,23,Yes,Real Estate,Hold,Strong Preference,Energy,Gambling,No,No,No,High dividend,47,Medium,TRUE
CUST-0030,Chen,Iyer,37,13-04-1987,Non-binary,Divorced,0,Chicago,USA,USD,Bachelor's,Pharmacist,Pending,27-02-2020,Traditional IRA,240827,4228438,2639157,1451513,383,24,968258,4.02,35%,No,Aggressive Growth,Aggressive,15,23.4,ESG,NASDAQ 100,Beginner,Low,Monthly,4,30,No,Crypto,Buy more,Against,"Real Estate, Financials, Technology","Energy, Tobacco, Gambling",Yes,Yes,No,High dividend,58,Medium,TRUE
CUST-0031,Carlos,Kumar,46,28-07-1978,Female,Married,2,Hong Kong,Hong Kong,HKD,CFA,Professor,Under Review,08-08-2016,Individual Brokerage,94241,3070005,1308389,878001,510,18,957375,10.16,24%,No,Growth,Aggressive,20,14.6,Blend,MSCI World,Intermediate,Medium,Annual,2,24,No,Stocks only,Consult advisor,Against,"Healthcare, Utilities, Financials","Energy, Gambling",Partial,Yes,Maybe,Growth over income,61,Medium,TRUE
CUST-0032,Daniel,Varma,42,06-01-1983,Non-binary,Widowed,0,Houston,USA,USD,Master's,Architect,Pending,30-08-2016,Joint,223584,2288016,1494759,1265560,4019,24,339696,1.52,10%,Yes,Growth,Moderate,1,13.5,ESG,S&P 500,Advanced,Low,Monthly,5,13,No,Crypto,Sell immediately,Neutral,"Healthcare, Industrials, Financials",Adult Entertainment,Partial,Yes,No,High dividend,40,Low,TRUE
CUST-0033,Benjamin,Zhang,74,19-07-1950,Female,Divorced,4,Houston,USA,USD,MBA,Civil Engineer,Verified,17-12-2024,Trust,103565,13252672,11237672,9375672,1792,3,3405287,32.88,37%,No,Aggressive Growth,Very Aggressive,20,26.5,ESG,MSCI World,Intermediate,Low,Annual,3,31,No,Diversified,Panic but hold,Strong Preference,"Healthcare, Technology, Financials","Adult Entertainment, Gambling",Yes,Yes,No,Growth over income,56,Medium,TRUE
CUST-0034,Elena,Jensen,41,26-11-1983,Female,Married,3,Singapore,Singapore,SGD,Bachelor's,Teacher,Pending,26-06-2022,Roth IRA,322484,1136789,532289,319871,1387,0,265682,0.82,10%,No,Income,Conservative,15,6.6,Value,S&P 500,Beginner,Low,Monthly,10,9,No,Stocks & Bonds,Hold,Strong Preference,"Technology, Real Estate",None,Partial,Yes,No,Growth over income,52,Medium,TRUE
CUST-0035,Thomas,Suzuki,30,30-08-1994,Non-binary,Divorced,2,Chennai,India,INR,Master's,Consultant,Pending,14-12-2016,Traditional IRA,88809,429351,230312,167246,488,6,119954,1.35,10%,No,Balanced,Aggressive,10,9.3,Value,Russell 2000,Expert,High,Quarterly,5,28,No,Stocks only,Panic but hold,Mild Preference,Communication Services,Weapons,No,Yes,No,No preference,42,Low,TRUE
CUST-0036,Julia,Iyer,23,25-03-2001,Female,Divorced,1,San Francisco,USA,USD,Master's,Lawyer,Verified,12-02-2019,Traditional IRA,84243,270779,129415,60696,546,3,62989,0.75,24%,Yes,Balanced,Moderate,1,7.2,Value,NASDAQ 100,Advanced,High,Semi-Annual,5,10,No,Real Estate,Hold,Neutral,"Financials, Energy","Energy, Adult Entertainment, Fossil Fuels",No,No,No,No preference,37,Low,TRUE
CUST-0037,Amara,Srivastava,63,29-11-1961,Female,Widowed,2,Bangalore,India,INR,Bachelor's,Retired Executive,Under Review,04-05-2019,Individual Brokerage,673704,2511456,1987692,1199187,3483,6,186082,0.28,10%,No,Preservation,Moderate,3,6.4,Value,S&P 500,Beginner,High,Monthly,6,13,Yes,No experience,Panic but hold,Neutral,"Real Estate, Energy, Utilities","Gambling, Weapons, Adult Entertainment",Partial,No,Maybe,Growth over income,76,High,TRUE
CUST-0038,Arjun,Singh,31,28-05-1993,Male,Divorced,0,Hong Kong,Hong Kong,HKD,High School,Data Scientist,Under Review,19-07-2016,Traditional IRA,150305,20380,7706,7699,183,1,262,0,37%,Yes,Growth,Moderate,1,16.7,Momentum,MSCI World,Intermediate,Medium,Monthly,6,18,Yes,Stocks only,Panic but hold,Neutral,"Energy, Communication Services",None,Yes,Yes,No,Growth over income,56,Medium,TRUE
CUST-0039,Chen,Zhang,42,29-12-1982,Female,Divorced,0,Mumbai,India,INR,High School,Professor,Under Review,14-05-2022,401k,475174,3110961,2010075,1583812,8434,12,391115,0.82,37%,No,Income,Moderate,1,8.9,Growth,Dow Jones,Intermediate,Medium,Annual,6,19,Yes,Stocks & Bonds,Consult advisor,Mild Preference,Financials,None,No,No,Maybe,Growth over income,59,Medium,TRUE
CUST-0040,Aditi,Patel,65,21-10-1959,Prefer not to say,Single,4,Toronto,Canada,CAD,PhD,Architect,Verified,17-11-2022,Individual Brokerage,269832,8147628,5550923,4333804,1644,6,2732968,10.13,10%,Yes,ESG,Moderate,5,7.5,Value,Dow Jones,Advanced,Low,Semi-Annual,7,25,Yes,Diversified,Panic but hold,Mild Preference,"Energy, Communication Services",None,No,Yes,Yes,No preference,48,Medium,TRUE
CUST-0041,Rahul,Gupta,28,10-01-1996,Non-binary,Single,4,Chennai,India,INR,CFA,CFO,Pending,05-10-2017,Joint,110226,399920,148506,60236,2496,24,21426,0.19,10%,No,Income,Conservative,15,8.2,Growth,Dow Jones,Expert,Low,Monthly,7,14,Yes,Real Estate,Consult advisor,Against,"Consumer Staples, Utilities, Communication Services",None,Yes,No,Yes,No preference,63,Medium,TRUE
CUST-0042,Hiroshi,Nair,29,25-11-1995,Female,Divorced,2,Delhi,India,INR,PhD,Marketing Director,Verified,08-11-2018,Individual Brokerage,87899,370134,157248,74687,921,0,40751,0.46,22%,Yes,Income,Conservative,30,8.7,Growth,S&P 500,Beginner,Medium,Annual,7,15,No,Stocks & Bonds,Panic but hold,Against,Healthcare,None,Partial,Yes,No,No preference,61,Medium,TRUE
CUST-0043,Nikhil,Verma,40,04-12-1984,Non-binary,Widowed,2,Hong Kong,Hong Kong,HKD,High School,Lawyer,Pending,08-03-2019,Trust,445128,4636709,2987065,2122626,8956,3,30910,0.07,32%,No,Growth,Moderate,30,16.1,Growth,NASDAQ 100,Expert,High,Annual,7,24,Yes,Diversified,Panic but hold,Against,"Industrials, Technology","Adult Entertainment, Gambling, Energy",Yes,No,No,Growth over income,53,Medium,TRUE
CUST-0044,Charlotte,Yamamoto,31,22-12-1993,Female,Widowed,4,San Francisco,USA,USD,High School,Professor,Under Review,24-04-2023,Joint,96514,403389,129810,62947,92,3,144295,1.5,10%,No,Aggressive Growth,Very Aggressive,7,25.9,Momentum,NASDAQ 100,Beginner,Low,Monthly,3,49,No,Stocks only,Consult advisor,Mild Preference,"Healthcare, Utilities","Alcohol, Weapons",Partial,No,Maybe,No preference,64,Medium,TRUE
CUST-0045,Amara,Chen,42,03-08-1982,Prefer not to say,Single,4,Los Angeles,USA,USD,High School,Data Scientist,Pending,14-04-2015,401k,409097,3037323,1454117,1280678,9426,0,237149,0.58,10%,No,ESG,Moderate,5,8.4,Value,S&P 500,Expert,Low,Annual,4,17,Yes,Real Estate,Hold,Neutral,"Financials, Healthcare, Industrials",None,Yes,Yes,Maybe,High dividend,33,Low,TRUE
CUST-0046,Ethan,Sharma,33,15-01-1991,Non-binary,Married,4,Austin,USA,USD,Master's,Financial Analyst,Pending,15-06-2023,Traditional IRA,130673,327652,154119,83849,669,24,99181,0.76,37%,Yes,Aggressive Growth,Very Aggressive,1,21.6,Growth,NASDAQ 100,Beginner,High,Quarterly,3,41,No,Stocks & Bonds,Consult advisor,Strong Preference,"Energy, Healthcare, Technology","Gambling, Adult Entertainment",Partial,Yes,No,Growth over income,61,Medium,TRUE
CUST-0047,Ethan,Shah,40,02-05-1984,Female,Widowed,4,Dubai,UAE,AED,Master's,Marketing Director,Pending,23-11-2024,401k,329253,4431820,2070368,1784330,6079,0,868819,2.64,24%,No,Preservation,Moderate,10,5.2,Growth,NASDAQ 100,Intermediate,High,Annual,5,23,No,Crypto,Consult advisor,Mild Preference,Utilities,"Adult Entertainment, Gambling, Energy",No,Yes,Yes,No preference,55,Medium,TRUE
CUST-0048,Jonas,Kumar,60,15-12-1964,Prefer not to say,Married,4,Los Angeles,USA,USD,Master's,Data Scientist,Pending,29-05-2021,Trust,443244,9610244,6440987,6170239,1750,0,2278840,5.14,22%,Yes,Balanced,Aggressive,30,10.9,Value,MSCI World,Expert,Medium,Semi-Annual,2,26,Yes,Stocks only,Panic but hold,Neutral,"Industrials, Energy",Weapons,Yes,Yes,No,Growth over income,34,Low,TRUE
CUST-0049,Chen,Bose,33,15-04-1991,Prefer not to say,Married,0,Singapore,Singapore,SGD,Bachelor's,Retired Executive,Under Review,14-05-2021,Individual Brokerage,152400,286923,95872,55780,328,18,107172,0.7,22%,Yes,Balanced,Moderate,30,12.4,Blend,Russell 2000,Expert,High,Quarterly,7,23,No,Stocks & Bonds,Consult advisor,Against,"Consumer Staples, Materials, Communication Services","Energy, Tobacco, Gambling",No,No,Yes,Growth over income,40,Low,TRUE
CUST-0050,Deepak,Edwards,70,26-11-1954,Female,Married,2,Bangalore,India,INR,CFA,Architect,Under Review,14-12-2021,Traditional IRA,761592,7156410,5301580,3618297,7962,18,102228,0.13,10%,No,Aggressive Growth,Aggressive,3,20,Dividend,Russell 2000,Advanced,Medium,Quarterly,3,23,No,Real Estate,Hold,Mild Preference,Financials,Gambling,No,No,Yes,No preference,73,High,TRUE
CUST-0051,Kevin,Torres,72,25-11-1952,Prefer not to say,Widowed,0,Toronto,Canada,CAD,High School,Investment Banker,Verified,18-09-2015,401k,464530,4004768,3323884,1103553,6919,24,1178635,2.54,35%,No,Aggressive Growth,Very Aggressive,10,18.8,Blend,MSCI World,Advanced,Medium,Annual,1,44,No,Real Estate,Consult advisor,Against,Technology,Energy,No,No,Yes,High dividend,58,Medium,TRUE
CUST-0052,Akira,Smith,65,23-06-1959,Female,Single,1,Singapore,Singapore,SGD,High School,Marketing Director,Verified,08-01-2024,Trust,202601,639012,479396,350191,4960,1,177982,0.88,35%,No,ESG,Conservative,5,11.6,ESG,Russell 2000,Advanced,Medium,Quarterly,9,12,No,Real Estate,Sell immediately,Against,"Communication Services, Industrials, Materials",None,No,Yes,Yes,No preference,28,Low,TRUE
CUST-0053,Natalie,Fujita,33,30-12-1991,Female,Widowed,1,Amsterdam,Netherlands,EUR,PhD,Business Owner,Verified,30-12-2022,401k,138231,69620,25745,20771,2808,18,1908,0.01,35%,Yes,Balanced,Moderate,30,8.7,ESG,NASDAQ 100,Expert,Low,Monthly,6,21,No,Diversified,Hold,Neutral,"Energy, Healthcare","Alcohol, Weapons, Tobacco",Yes,Yes,Yes,No preference,49,Medium,TRUE
CUST-0054,Julia,Kim,49,18-10-1975,Male,Divorced,4,Chicago,USA,USD,Bachelor's,Investment Banker,Pending,08-04-2020,401k,264402,227988,95634,53216,6139,0,89727,0.34,22%,No,Growth,Moderate,1,14.5,ESG,NASDAQ 100,Expert,Low,Monthly,5,10,No,Real Estate,Sell immediately,Strong Preference,"Real Estate, Financials, Consumer Staples",None,No,Yes,Maybe,Growth over income,38,Low,TRUE
CUST-0055,Maria,Iyer,38,17-04-1986,Prefer not to say,Single,2,Chicago,USA,USD,PhD,Product Manager,Verified,23-03-2015,Roth IRA,202388,3347019,1388338,866517,2827,24,588668,2.91,37%,No,Balanced,Moderate,7,10.8,Dividend,NASDAQ 100,Expert,Low,Annual,5,18,Yes,Diversified,Sell immediately,Neutral,Healthcare,None,Yes,Yes,No,No preference,50,Medium,TRUE
CUST-0056,Olivia,Wilson,72,19-06-1952,Female,Married,3,Stockholm,Sweden,SEK,MBA,Financial Analyst,Verified,04-01-2015,Individual Brokerage,388721,7546602,4270343,3571347,4286,6,1432197,3.68,35%,Yes,ESG,Conservative,3,13.2,Blend,Dow Jones,Beginner,High,Monthly,8,15,Yes,Real Estate,Panic but hold,Against,"Utilities, Financials, Energy",None,Yes,Yes,Maybe,No preference,45,Medium,TRUE
CUST-0057,Grace,Diaz,27,19-04-1997,Non-binary,Single,0,Sydney,Australia,AUD,High School,Financial Analyst,Under Review,01-05-2019,Individual Brokerage,110385,429410,131826,98028,2664,18,76937,0.7,10%,No,Preservation,Very Aggressive,15,3.4,Growth,S&P 500,Advanced,Medium,Annual,1,34,No,Stocks only,Sell immediately,Against,"Technology, Materials","Weapons, Energy",No,Yes,Yes,High dividend,44,Low,FALSE
CUST-0058,Sebastian,Mehta,31,09-11-1993,Prefer not to say,Widowed,0,Dubai,UAE,AED,High School,Financial Analyst,Verified,28-06-2015,Joint,152339,285670,100334,88926,3037,1,78157,0.51,32%,Yes,Growth,Aggressive,7,11.6,ESG,MSCI World,Advanced,Low,Monthly,2,35,No,Stocks & Bonds,Hold,Mild Preference,"Utilities, Industrials","Alcohol, Adult Entertainment",No,Yes,No,Growth over income,55,Medium,TRUE
CUST-0059,Isabella,Singh,62,11-08-1962,Prefer not to say,Divorced,2,Singapore,Singapore,SGD,MBA,Architect,Under Review,26-05-2018,Trust,791263,6964906,5493490,3095086,3331,1,2409349,3.04,32%,No,Preservation,Moderate,1,6.6,Growth,Russell 2000,Beginner,Low,Monthly,4,22,Yes,Stocks & Bonds,Sell immediately,Against,"Real Estate, Consumer Staples, Industrials",None,No,No,No,Growth over income,66,High,TRUE
CUST-0060,Julia,Kim,30,25-04-1994,Male,Divorced,4,Mumbai,India,INR,CFA,Business Owner,Verified,06-05-2024,Joint,125863,393145,222628,194581,396,12,79860,0.63,37%,No,Balanced,Moderate,1,11.2,Momentum,NASDAQ 100,Intermediate,Medium,Annual,7,11,No,Stocks only,Consult advisor,Strong Preference,"Materials, Consumer Staples, Communication Services",Fossil Fuels,Partial,Yes,Maybe,Growth over income,35,Low,TRUE
CUST-0061,Tanvi,Fujita,70,09-07-1954,Prefer not to say,Married,2,Zurich,Switzerland,CHF,PhD,Software Engineer,Pending,31-03-2020,401k,586078,5413811,4074419,2781193,1870,3,351000,0.6,10%,Yes,Aggressive Growth,Very Aggressive,3,27.3,Blend,S&P 500,Expert,High,Quarterly,3,33,No,Crypto,Hold,Neutral,"Utilities, Financials, Real Estate","Fossil Fuels, Adult Entertainment, Gambling",Partial,No,Maybe,No preference,58,Medium,TRUE
CUST-0062,Layla,Kumar,33,09-11-1991,Non-binary,Widowed,0,Seattle,USA,USD,MBA,Product Manager,Verified,18-09-2020,Joint,124581,297008,117087,95298,223,12,15881,0.13,22%,No,Income,Conservative,15,9.8,ESG,Russell 2000,Beginner,Medium,Monthly,9,15,No,Stocks only,Buy more,Neutral,Financials,"Weapons, Fossil Fuels",Yes,No,No,High dividend,69,High,TRUE
CUST-0063,Lina,Bose,74,24-10-1950,Prefer not to say,Widowed,2,Bangalore,India,INR,High School,Financial Analyst,Under Review,07-05-2017,Trust,774120,12520551,7535019,4006297,858,24,1597402,2.06,24%,Yes,Growth,Very Aggressive,1,16.3,Dividend,MSCI World,Expert,High,Semi-Annual,1,35,No,No experience,Consult advisor,Mild Preference,"Materials, Communication Services, Industrials","Tobacco, Energy",Partial,Yes,Maybe,No preference,64,Medium,TRUE
CUST-0064,Hiroshi,Nair,27,15-12-1997,Non-binary,Divorced,3,Frankfurt,Germany,EUR,Bachelor's,Retired Executive,Verified,18-01-2016,Trust,83913,34659,10726,8743,1733,24,11652,0.14,10%,Yes,Growth,Very Aggressive,1,11.3,Momentum,MSCI World,Intermediate,Medium,Semi-Annual,2,50,Yes,Stocks only,Hold,Mild Preference,"Materials, Industrials",None,Yes,Yes,Maybe,No preference,77,High,TRUE
CUST-0065,Sebastian,Nakamura,45,31-05-1979,Non-binary,Married,2,Delhi,India,INR,CFA,Pharmacist,Verified,10-07-2024,Joint,277491,4045252,1883821,1851224,2801,12,801359,2.89,35%,No,Aggressive Growth,Very Aggressive,15,24.7,ESG,S&P 500,Intermediate,Medium,Monthly,2,41,Yes,Stocks only,Hold,Mild Preference,Utilities,None,No,No,Maybe,No preference,55,Medium,TRUE
CUST-0066,Jasmine,Reddy,69,09-09-1955,Non-binary,Married,0,Dubai,UAE,AED,Master's,CFO,Verified,20-04-2016,Roth IRA,72357,2455519,2070971,1448313,1417,3,558558,7.72,32%,No,Balanced,Moderate,30,9.7,ESG,Russell 2000,Beginner,Medium,Monthly,7,16,No,Real Estate,Consult advisor,Strong Preference,Real Estate,Energy,Yes,Yes,Yes,High dividend,43,Low,TRUE
CUST-0067,Noah,Williams,47,27-04-1977,Male,Divorced,0,Singapore,Singapore,SGD,MBA,Pharmacist,Under Review,19-07-2019,Traditional IRA,348956,571734,326618,160921,7277,3,76184,0.22,24%,No,Income,Moderate,30,5.4,Value,NASDAQ 100,Advanced,High,Annual,6,20,No,Diversified,Panic but hold,Strong Preference,"Communication Services, Materials, Technology",None,Yes,No,Maybe,High dividend,66,High,TRUE
CUST-0068,Omar,Garcia,64,23-10-1960,Female,Married,3,Delhi,India,INR,High School,Business Owner,Under Review,09-12-2017,Roth IRA,161889,3990881,2142911,1291165,1684,12,1203220,7.43,32%,No,Aggressive Growth,Very Aggressive,3,25.7,ESG,Dow Jones,Beginner,Low,Annual,1,45,Yes,Crypto,Consult advisor,Mild Preference,"Utilities, Financials, Real Estate","Weapons, Alcohol, Energy",No,No,Yes,No preference,58,Medium,TRUE
CUST-0069,Daniel,Garcia,68,15-07-1956,Non-binary,Divorced,4,San Francisco,USA,USD,CFA,Marketing Director,Pending,02-11-2017,401k,513071,14954317,8908156,5032876,3291,12,1267821,2.47,10%,No,Income,Moderate,5,6.4,Value,NASDAQ 100,Beginner,Low,Semi-Annual,4,22,No,Crypto,Consult advisor,Neutral,Energy,"Weapons, Energy, Alcohol",Partial,No,Yes,Growth over income,65,High,TRUE
CUST-0070,Samuel,Lee,67,09-08-1957,Prefer not to say,Single,4,Sydney,Australia,AUD,Bachelor's,Consultant,Pending,04-05-2024,Individual Brokerage,519043,8975871,5376010,4734539,2650,3,1672395,3.22,35%,No,Preservation,Moderate,7,5,Blend,S&P 500,Expert,High,Quarterly,6,19,No,Stocks only,Buy more,Against,"Utilities, Energy, Real Estate","Energy, Gambling, Weapons",Yes,Yes,Maybe,Growth over income,67,High,TRUE
CUST-0071,Carlos,Yamamoto,55,09-01-1970,Prefer not to say,Widowed,1,New York,USA,USD,MBA,Software Engineer,Pending,08-12-2017,Individual Brokerage,388055,10334986,7032854,4310974,2739,18,3969137,10.23,22%,Yes,Balanced,Conservative,15,7.7,Blend,Russell 2000,Intermediate,Low,Annual,10,15,Yes,Crypto,Consult advisor,Strong Preference,"Technology, Healthcare","Alcohol, Gambling, Energy",No,No,Maybe,High dividend,44,Low,FALSE
CUST-0072,Victoria,Sharma,34,19-09-1990,Non-binary,Single,4,Stockholm,Sweden,SEK,High School,Teacher,Verified,20-05-2019,401k,160957,101341,38891,21014,3466,18,27080,0.17,35%,Yes,ESG,Moderate,10,13.4,Value,NASDAQ 100,Intermediate,High,Quarterly,6,23,Yes,No experience,Buy more,Strong Preference,Communication Services,None,Partial,No,No,Growth over income,49,Medium,TRUE
CUST-0073,Elena,Garcia,48,16-01-1976,Non-binary,Single,4,Stockholm,Sweden,SEK,Bachelor's,Retired Executive,Pending,22-07-2020,401k,105204,1553307,998262,341290,2523,24,504464,4.8,22%,No,Balanced,Aggressive,7,12.7,ESG,Dow Jones,Intermediate,High,Semi-Annual,4,27,No,Stocks & Bonds,Sell immediately,Strong Preference,"Utilities, Industrials, Consumer Staples",Gambling,Yes,No,No,Growth over income,49,Medium,TRUE
CUST-0074,Charlotte,Taylor,51,23-03-1973,Prefer not to say,Divorced,4,Chicago,USA,USD,Master's,Architect,Under Review,07-06-2016,Trust,486554,295931,166014,96524,7260,1,77821,0.16,37%,No,Balanced,Aggressive,5,11,Value,S&P 500,Beginner,High,Annual,2,24,No,Stocks only,Buy more,Mild Preference,"Consumer Staples, Energy",Weapons,Partial,No,Yes,High dividend,47,Medium,TRUE
CUST-0075,Nikhil,Suzuki,60,18-05-1964,Male,Single,3,Paris,France,EUR,High School,Entrepreneur,Verified,29-08-2015,Trust,317949,7735051,4088928,1434874,3566,0,43238,0.14,37%,Yes,Income,Moderate,10,7,Growth,MSCI World,Advanced,High,Semi-Annual,5,17,Yes,Diversified,Hold,Neutral,"Real Estate, Technology",None,No,Yes,No,Growth over income,70,High,TRUE
CUST-0076,Samuel,Rivera,22,25-09-2002,Male,Widowed,1,San Francisco,USA,USD,Master's,Product Manager,Pending,17-05-2024,Joint,113679,212199,78000,61479,795,6,61406,0.54,35%,Yes,Aggressive Growth,Aggressive,15,19.7,Dividend,S&P 500,Advanced,Medium,Annual,4,35,Yes,Stocks only,Sell immediately,Against,Technology,"Adult Entertainment, Fossil Fuels, Weapons",Partial,No,No,Growth over income,70,High,TRUE
CUST-0077,Tanvi,Ibrahim,72,21-02-1952,Male,Single,1,Bangalore,India,INR,Bachelor's,Architect,Pending,18-02-2023,Traditional IRA,573791,1327538,1044810,996527,1369,1,466387,0.81,24%,No,Growth,Very Aggressive,10,11,Momentum,NASDAQ 100,Expert,Low,Annual,1,41,No,Stocks & Bonds,Hold,Strong Preference,Healthcare,"Fossil Fuels, Alcohol, Gambling",No,No,Yes,Growth over income,51,Medium,TRUE
CUST-0078,Lucas,Nakamura,47,21-09-1977,Prefer not to say,Married,2,Austin,USA,USD,PhD,CFO,Under Review,19-01-2020,Individual Brokerage,142373,4704419,2725657,2483681,297,1,1686460,11.85,35%,No,Preservation,Conservative,5,3.1,ESG,Russell 2000,Intermediate,Low,Semi-Annual,9,7,No,Stocks & Bonds,Sell immediately,Mild Preference,Financials,None,Partial,No,No,No preference,50,Medium,TRUE
CUST-0079,Tanvi,Lee,53,25-10-1971,Non-binary,Divorced,0,Bangalore,India,INR,MBA,Business Owner,Under Review,19-03-2022,Trust,472119,1078248,663359,529244,2313,0,185242,0.39,22%,No,Balanced,Aggressive,30,10.9,ESG,MSCI World,Expert,Low,Monthly,2,27,Yes,Diversified,Hold,Against,"Financials, Real Estate",Tobacco,Yes,No,Maybe,No preference,43,Low,TRUE
CUST-0080,Natalie,Rodriguez,63,08-09-1961,Male,Widowed,1,Toronto,Canada,CAD,High School,Lawyer,Under Review,15-03-2017,Individual Brokerage,241171,13483329,8679646,7008271,1796,24,4991545,20.7,32%,No,Aggressive Growth,Very Aggressive,5,18.3,Momentum,NASDAQ 100,Intermediate,High,Quarterly,2,44,Yes,Real Estate,Buy more,Strong Preference,Consumer Staples,None,Yes,No,No,No preference,62,Medium,TRUE
CUST-0081,Alejandro,Yamamoto,25,18-02-1999,Male,Widowed,3,Mumbai,India,INR,PhD,Product Manager,Pending,24-10-2024,Trust,91451,439315,141799,84444,1516,12,135521,1.48,32%,No,Income,Aggressive,30,6.7,Momentum,Russell 2000,Expert,Medium,Semi-Annual,3,34,Yes,Real Estate,Hold,Against,"Real Estate, Utilities","Fossil Fuels, Alcohol",Yes,Yes,No,Growth over income,38,Low,FALSE
CUST-0082,Fatima,Fernandez,72,10-03-1952,Prefer not to say,Single,0,Austin,USA,USD,MBA,Investment Banker,Pending,14-06-2024,Trust,126744,10409674,7670415,2796749,2453,24,1879983,14.83,32%,No,ESG,Very Aggressive,1,8.2,Value,NASDAQ 100,Intermediate,Medium,Semi-Annual,1,34,Yes,Stocks & Bonds,Sell immediately,Neutral,"Financials, Energy, Technology",None,Yes,No,No,Growth over income,43,Low,FALSE
CUST-0083,Kevin,Smith,26,29-04-1998,Male,Divorced,2,Frankfurt,Germany,EUR,Bachelor's,Marketing Director,Pending,19-10-2017,Trust,174889,422085,236353,101050,2635,3,42717,0.24,37%,Yes,Aggressive Growth,Aggressive,30,21.4,Growth,Russell 2000,Intermediate,High,Monthly,2,28,No,Diversified,Consult advisor,Mild Preference,"Real Estate, Communication Services, Financials",Alcohol,No,Yes,Yes,High dividend,79,High,TRUE
CUST-0084,Deepak,Pereira,32,12-02-1992,Male,Widowed,3,Hong Kong,Hong Kong,HKD,Bachelor's,Data Scientist,Under Review,09-12-2022,Roth IRA,58376,281157,139967,64957,415,18,105951,1.81,10%,No,Aggressive Growth,Aggressive,10,17.6,Dividend,S&P 500,Advanced,Low,Monthly,5,23,No,Diversified,Buy more,Mild Preference,"Utilities, Real Estate",Weapons,No,Yes,No,Growth over income,64,Medium,TRUE
CUST-0085,Victoria,Shah,30,26-05-1994,Prefer not to say,Widowed,4,Frankfurt,Germany,EUR,MBA,Software Engineer,Under Review,29-01-2023,Traditional IRA,120693,81540,47212,14275,2638,1,8361,0.07,32%,Yes,Income,Moderate,10,6.1,Blend,NASDAQ 100,Intermediate,Low,Monthly,6,23,No,Crypto,Panic but hold,Strong Preference,"Materials, Communication Services, Real Estate",None,No,Yes,Yes,No preference,52,Medium,TRUE
CUST-0086,Fatima,Garcia,31,11-10-1993,Female,Divorced,0,Paris,France,EUR,Master's,Marketing Director,Pending,16-09-2015,Traditional IRA,84518,278103,110628,97909,658,24,108459,1.28,24%,No,Growth,Very Aggressive,10,10.9,Value,NASDAQ 100,Intermediate,High,Annual,3,50,No,Stocks only,Sell immediately,Mild Preference,Financials,None,Yes,Yes,No,Growth over income,66,High,TRUE
CUST-0087,Aarav,Jensen,54,26-07-1970,Non-binary,Divorced,3,Houston,USA,USD,High School,Venture Capitalist,Under Review,29-08-2018,401k,107368,990468,668379,605037,2312,12,224074,2.09,32%,Yes,Income,Aggressive,15,9.2,ESG,S&P 500,Advanced,Low,Annual,3,31,No,Real Estate,Buy more,Strong Preference,Utilities,"Alcohol, Adult Entertainment",Yes,No,Yes,High dividend,45,Medium,FALSE
CUST-0088,Hiroshi,Nakamura,69,25-09-1955,Female,Single,1,Delhi,India,INR,Master's,Financial Analyst,Under Review,08-01-2020,Trust,119790,10225974,5205241,4207674,535,18,3037191,25.35,24%,No,ESG,Aggressive,7,10.3,Value,MSCI World,Expert,Low,Semi-Annual,4,29,Yes,Real Estate,Sell immediately,Against,"Financials, Communication Services, Materials","Fossil Fuels, Alcohol, Gambling",No,Yes,Yes,Growth over income,49,Medium,TRUE
CUST-0089,Lina,Das,46,08-02-1978,Male,Widowed,1,Dubai,UAE,AED,Master's,Marketing Director,Under Review,05-03-2023,Roth IRA,111536,4035045,1955427,733626,1717,18,283194,2.54,22%,No,ESG,Very Aggressive,5,13.7,ESG,Russell 2000,Expert,Medium,Annual,3,35,No,Stocks only,Buy more,Strong Preference,Real Estate,Gambling,No,No,Maybe,Growth over income,40,Low,FALSE
CUST-0090,Lina,Ibrahim,56,07-10-1968,Non-binary,Widowed,4,Dubai,UAE,AED,MBA,Architect,Under Review,20-01-2021,Individual Brokerage,65842,12321260,7746112,4413904,173,18,1021338,15.51,37%,No,Preservation,Conservative,15,4.6,Value,Russell 2000,Intermediate,Medium,Semi-Annual,10,9,Yes,Stocks & Bonds,Hold,Neutral,"Energy, Technology","Alcohol, Weapons",No,No,Yes,Growth over income,72,High,TRUE
CUST-0091,Arjun,Rao,56,12-05-1968,Male,Divorced,4,Mumbai,India,INR,MBA,Marketing Director,Pending,18-04-2017,Joint,315912,8464155,5600973,2554525,426,6,2784194,8.81,37%,No,Aggressive Growth,Aggressive,10,18.8,Growth,MSCI World,Beginner,High,Semi-Annual,3,20,Yes,Stocks only,Sell immediately,Neutral,"Energy, Industrials, Technology","Weapons, Energy",No,No,No,No preference,55,Medium,TRUE
CUST-0092,Daniel,Garcia,72,26-10-1952,Prefer not to say,Widowed,1,Chicago,USA,USD,High School,Entrepreneur,Pending,09-09-2017,Joint,185742,12470003,6569015,4608832,3814,18,1023892,5.51,35%,Yes,Growth,Aggressive,15,13.7,ESG,Dow Jones,Advanced,Low,Semi-Annual,2,26,Yes,Stocks & Bonds,Panic but hold,Neutral,"Technology, Consumer Staples, Energy","Fossil Fuels, Alcohol, Weapons",Yes,Yes,Maybe,Growth over income,65,High,TRUE
CUST-0093,Julia,Fernandez,40,17-09-1984,Female,Married,1,Paris,France,EUR,Bachelor's,Product Manager,Verified,01-12-2021,Traditional IRA,221990,4682864,2524238,940760,2402,6,755599,3.4,37%,Yes,Income,Conservative,3,5.5,Dividend,S&P 500,Beginner,Medium,Quarterly,7,10,No,Stocks & Bonds,Buy more,Strong Preference,Communication Services,Weapons,Yes,Yes,Maybe,Growth over income,60,Medium,TRUE
CUST-0094,Charlotte,Rodriguez,69,22-11-1955,Male,Single,2,Hong Kong,Hong Kong,HKD,High School,Financial Analyst,Pending,20-06-2016,Trust,653241,3415584,2081620,926567,3913,1,243216,0.37,35%,Yes,ESG,Aggressive,10,12,Dividend,Dow Jones,Intermediate,Medium,Monthly,2,28,No,Stocks & Bonds,Panic but hold,Strong Preference,Communication Services,None,Partial,No,Maybe,Growth over income,50,Medium,TRUE
CUST-0095,Elena,Singh,72,31-07-1952,Female,Single,3,Delhi,India,INR,PhD,Entrepreneur,Verified,12-10-2020,Roth IRA,420072,13801568,8478439,5752448,6454,24,2009148,4.78,35%,No,Aggressive Growth,Very Aggressive,3,19.7,Blend,NASDAQ 100,Intermediate,High,Semi-Annual,3,41,No,No experience,Consult advisor,Mild Preference,"Energy, Technology, Consumer Staples",Tobacco,Partial,No,No,Growth over income,65,High,TRUE
CUST-0096,Grace,Gupta,66,17-02-1958,Female,Married,3,Boston,USA,USD,High School,Architect,Verified,05-06-2018,Roth IRA,178314,1985305,1259060,675631,3428,24,532321,2.99,24%,Yes,ESG,Conservative,30,7.1,Momentum,NASDAQ 100,Advanced,Low,Monthly,7,5,No,Diversified,Sell immediately,Strong Preference,Industrials,"Gambling, Tobacco",No,Yes,Maybe,Growth over income,43,Low,TRUE
CUST-0097,Lina,Shah,32,20-08-1992,Non-binary,Married,2,Chennai,India,INR,Bachelor's,Financial Analyst,Pending,05-06-2024,Roth IRA,128224,309668,141910,140850,1872,3,49339,0.38,24%,No,Growth,Aggressive,3,17.6,Value,Russell 2000,Advanced,High,Quarterly,5,23,No,Stocks only,Panic but hold,Mild Preference,"Real Estate, Technology, Energy","Weapons, Tobacco, Alcohol",No,No,No,Growth over income,77,High,TRUE
CUST-0098,Benjamin,Mehta,44,26-08-1980,Male,Widowed,2,Delhi,India,INR,CFA,Business Owner,Pending,13-07-2023,Individual Brokerage,355794,4823251,3186763,1975910,8120,0,1929238,5.42,35%,Yes,Income,Conservative,15,9.5,Blend,Russell 2000,Expert,High,Monthly,8,9,No,Diversified,Sell immediately,Neutral,"Communication Services, Consumer Staples",Fossil Fuels,No,Yes,No,Growth over income,53,Medium,TRUE
CUST-0099,Gabriel,Shah,37,10-03-1987,Female,Divorced,0,Dubai,UAE,AED,Bachelor's,Data Scientist,Pending,05-03-2015,Joint,230439,4479225,3017802,1073874,4624,18,1264454,5.49,24%,No,Growth,Moderate,10,15.2,Dividend,Russell 2000,Beginner,Medium,Semi-Annual,5,24,Yes,Crypto,Hold,Neutral,Communication Services,"Fossil Fuels, Gambling, Tobacco",Yes,No,Maybe,No preference,44,Low,TRUE
CUST-0100,Liam,Varma,26,13-08-1998,Prefer not to say,Single,1,New York,USA,USD,Master's,Architect,Verified,27-12-2022,Roth IRA,105336,246436,98903,43182,2446,3,53872,0.51,10%,Yes,Growth,Aggressive,15,11.4,Momentum,MSCI World,Advanced,Medium,Semi-Annual,2,23,No,Real Estate,Buy more,Neutral,"Consumer Staples, Industrials, Technology","Adult Entertainment, Energy, Gambling",No,No,Yes,No preference,69,High,TRUE
CUST-0101,Jonas,Kapoor,37,02-07-1987,Non-binary,Divorced,1,Hong Kong,Hong Kong,HKD,Master's,Consultant,Under Review,01-10-2020,Individual Brokerage,470892,4335120,2075900,995123,1043,0,1406473,2.99,32%,No,ESG,Aggressive,7,13,Growth,MSCI World,Expert,Medium,Quarterly,4,35,Yes,Stocks & Bonds,Buy more,Mild Preference,Financials,"Fossil Fuels, Energy",No,Yes,Maybe,Growth over income,38,Low,TRUE
CUST-0102,Daniel,Lee,54,26-12-1970,Female,Single,2,Houston,USA,USD,MBA,Business Owner,Pending,14-01-2015,Trust,412053,4026131,1643700,1063965,8756,24,1176370,2.85,35%,No,Aggressive Growth,Aggressive,10,25.8,Value,Russell 2000,Intermediate,Low,Quarterly,5,20,Yes,Real Estate,Hold,Mild Preference,"Real Estate, Industrials",None,No,Yes,Maybe,No preference,65,High,TRUE
CUST-0103,Rafael,Edwards,45,30-05-1979,Female,Single,2,Amsterdam,Netherlands,EUR,PhD,Professor,Pending,17-03-2017,Individual Brokerage,144510,1092765,524353,377186,749,24,160133,1.11,32%,No,Aggressive Growth,Aggressive,20,20.5,Blend,S&P 500,Beginner,Medium,Monthly,3,28,Yes,Stocks & Bonds,Consult advisor,Strong Preference,Communication Services,"Energy, Adult Entertainment, Fossil Fuels",No,Yes,Maybe,High dividend,61,Medium,TRUE
CUST-0104,Carlos,Chen,60,26-08-1964,Non-binary,Married,2,Houston,USA,USD,High School,Software Engineer,Verified,21-01-2017,Roth IRA,243588,14737432,9778226,7868052,1454,18,3084788,12.66,10%,No,ESG,Aggressive,10,8.9,Dividend,NASDAQ 100,Intermediate,Low,Annual,4,28,No,Real Estate,Hold,Mild Preference,"Utilities, Healthcare","Fossil Fuels, Tobacco",No,Yes,No,Growth over income,45,Medium,TRUE
CUST-0105,Aditi,Thomas,62,05-08-1962,Male,Single,0,Bangalore,India,INR,High School,Business Owner,Verified,29-04-2020,Trust,69767,8810265,7235576,4770767,573,1,28616,0.41,35%,No,Growth,Very Aggressive,20,15,Value,Russell 2000,Expert,High,Semi-Annual,1,45,No,Diversified,Hold,Mild Preference,Real Estate,"Tobacco, Weapons, Gambling",Yes,Yes,No,High dividend,59,Medium,TRUE
CUST-0106,Nikhil,Okafor,32,09-05-1992,Female,Married,4,London,UK,GBP,MBA,CFO,Pending,28-07-2016,Trust,84686,324273,105557,78896,385,3,77077,0.91,32%,Yes,Income,Conservative,15,5.4,Dividend,Russell 2000,Expert,Low,Monthly,10,6,No,No experience,Hold,Neutral,Industrials,"Alcohol, Tobacco, Gambling",Partial,Yes,Maybe,No preference,58,Medium,TRUE
CUST-0107,Elena,Fernandez,75,15-05-1949,Prefer not to say,Single,4,Houston,USA,USD,CFA,Doctor,Verified,09-02-2015,Joint,701345,3872844,2642343,2603821,1102,6,1530145,2.18,37%,No,Aggressive Growth,Moderate,7,20.3,Dividend,NASDAQ 100,Expert,High,Annual,4,18,Yes,Diversified,Hold,Mild Preference,"Financials, Technology, Consumer Staples","Tobacco, Gambling",Partial,Yes,Maybe,High dividend,50,Medium,FALSE
CUST-0108,Gabriel,Mehta,56,18-10-1968,Non-binary,Divorced,0,Zurich,Switzerland,CHF,Master's,Consultant,Verified,26-11-2015,Trust,598650,11656454,9066661,6138704,6309,0,1538776,2.57,35%,No,Aggressive Growth,Aggressive,1,21.2,Blend,NASDAQ 100,Advanced,High,Semi-Annual,3,29,No,Stocks & Bonds,Consult advisor,Against,"Technology, Financials, Healthcare","Tobacco, Gambling, Energy",Partial,Yes,Maybe,High dividend,56,Medium,TRUE
CUST-0109,Hiroshi,Chen,47,26-11-1977,Female,Divorced,1,New York,USA,USD,CFA,Investment Banker,Pending,02-12-2018,Roth IRA,91479,2042875,925491,364882,152,24,657415,7.19,10%,Yes,Income,Moderate,1,9.4,Blend,MSCI World,Beginner,High,Semi-Annual,5,17,No,No experience,Hold,Mild Preference,"Industrials, Technology","Adult Entertainment, Weapons, Alcohol",No,Yes,Yes,Growth over income,61,Medium,TRUE
CUST-0110,Omar,Rodriguez,67,14-08-1957,Female,Divorced,0,Berlin,Germany,EUR,Master's,Pharmacist,Pending,21-07-2022,Roth IRA,483031,4998993,2745160,1075121,6456,0,521052,1.08,32%,Yes,Preservation,Conservative,7,5.9,Growth,Russell 2000,Advanced,High,Semi-Annual,9,14,Yes,Stocks only,Hold,Against,Industrials,"Adult Entertainment, Energy, Tobacco",Yes,No,Maybe,No preference,60,Medium,TRUE
CUST-0111,Wei,Zhang,48,17-07-1976,Prefer not to say,Married,4,Tokyo,Japan,JPY,Master's,Data Scientist,Under Review,08-09-2017,Traditional IRA,233189,1771457,1042440,817916,3670,24,422387,1.81,37%,Yes,Preservation,Moderate,30,3,Value,MSCI World,Intermediate,Low,Semi-Annual,4,10,No,Crypto,Consult advisor,Against,Real Estate,"Fossil Fuels, Tobacco, Adult Entertainment",Yes,Yes,No,No preference,59,Medium,TRUE
CUST-0112,Aditi,Suzuki,73,11-11-1951,Prefer not to say,Divorced,3,London,UK,GBP,CFA,Pharmacist,Verified,02-08-2020,Traditional IRA,74943,670195,427018,156003,1840,1,43190,0.58,35%,Yes,Aggressive Growth,Very Aggressive,1,16.3,ESG,Russell 2000,Expert,Low,Annual,2,32,Yes,Diversified,Hold,Mild Preference,Technology,"Gambling, Weapons, Energy",No,Yes,Maybe,No preference,42,Low,TRUE
CUST-0113,Riya,Kumar,49,14-07-1975,Female,Single,3,Toronto,Canada,CAD,PhD,Entrepreneur,Pending,03-05-2017,Joint,138532,344742,187157,72818,1911,6,54621,0.39,37%,No,Growth,Moderate,5,12.8,Growth,Russell 2000,Beginner,Low,Monthly,7,18,Yes,No experience,Sell immediately,Mild Preference,"Communication Services, Utilities, Materials","Energy, Gambling",Yes,No,Yes,No preference,51,Medium,TRUE
CUST-0114,Michael,Wilson,60,27-11-1964,Male,Divorced,2,London,UK,GBP,MBA,Data Scientist,Pending,30-07-2020,401k,309685,12670783,7999733,5118286,5202,6,3445784,11.13,35%,No,Preservation,Conservative,10,4.8,Momentum,NASDAQ 100,Beginner,Medium,Semi-Annual,10,9,Yes,Stocks only,Buy more,Mild Preference,"Real Estate, Materials, Technology","Energy, Alcohol",Yes,Yes,Yes,No preference,65,High,TRUE
CUST-0115,Gabriel,Varma,34,08-06-1990,Prefer not to say,Single,4,Sydney,Australia,AUD,MBA,Professor,Verified,21-02-2021,401k,73453,384727,136878,59406,1775,3,131677,1.79,37%,Yes,Balanced,Aggressive,20,10.6,Dividend,MSCI World,Beginner,High,Annual,5,27,No,Real Estate,Sell immediately,Neutral,"Communication Services, Consumer Staples, Healthcare","Weapons, Energy",Yes,Yes,Maybe,Growth over income,37,Low,TRUE
CUST-0116,Isabella,Smith,38,09-12-1986,Prefer not to say,Married,3,Mumbai,India,INR,High School,Data Scientist,Verified,28-04-2015,Joint,187323,2587927,1431068,1180303,3925,3,344541,1.84,22%,No,Preservation,Conservative,10,5.9,ESG,NASDAQ 100,Intermediate,High,Quarterly,10,8,Yes,Real Estate,Consult advisor,Mild Preference,Communication Services,None,Yes,No,Maybe,No preference,61,Medium,TRUE
CUST-0117,Rahul,Yamamoto,28,27-02-1996,Non-binary,Married,4,Seattle,USA,USD,High School,CFO,Verified,21-10-2023,Joint,112049,472105,242898,91930,797,1,114531,1.02,35%,No,Aggressive Growth,Very Aggressive,3,16.2,ESG,Russell 2000,Intermediate,Low,Annual,3,37,Yes,Crypto,Buy more,Neutral,Materials,None,No,Yes,Yes,High dividend,58,Medium,TRUE
CUST-0118,Nikhil,Smith,25,19-02-1999,Female,Single,1,Los Angeles,USA,USD,Bachelor's,Investment Banker,Under Review,19-08-2016,Traditional IRA,84108,457028,248460,158134,1155,24,34008,0.4,24%,No,Preservation,Conservative,15,3.3,Blend,NASDAQ 100,Advanced,Medium,Monthly,7,15,Yes,Stocks only,Consult advisor,Strong Preference,"Industrials, Energy, Technology",None,Partial,Yes,Maybe,Growth over income,67,High,TRUE
CUST-0119,Daniel,Singh,60,01-07-1964,Non-binary,Married,4,Chennai,India,INR,High School,Software Engineer,Under Review,04-11-2019,401k,370304,9326569,5967293,5337271,8361,24,3461938,9.35,37%,Yes,ESG,Moderate,20,9.9,Growth,NASDAQ 100,Beginner,High,Monthly,7,22,No,No experience,Panic but hold,Neutral,"Consumer Staples, Materials",Gambling,Partial,No,No,High dividend,43,Low,TRUE
CUST-0120,Jasmine,Smith,71,19-07-1953,Male,Widowed,4,Hong Kong,Hong Kong,HKD,Master's,Civil Engineer,Under Review,22-10-2015,Traditional IRA,289543,3416078,2570475,1601040,6413,6,98007,0.34,22%,No,Income,Conservative,30,9.1,Momentum,S&P 500,Expert,Low,Monthly,7,5,Yes,Diversified,Hold,Strong Preference,"Energy, Utilities","Gambling, Adult Entertainment, Fossil Fuels",No,No,Yes,No preference,83,High,TRUE
CUST-0121,Sofia,Srivastava,63,20-04-1961,Non-binary,Widowed,1,Hong Kong,Hong Kong,HKD,MBA,Software Engineer,Pending,10-08-2019,Individual Brokerage,508184,6532747,3379462,2802263,4349,1,1605779,3.16,24%,Yes,Preservation,Moderate,20,5.2,Momentum,MSCI World,Advanced,Medium,Semi-Annual,5,24,Yes,Stocks & Bonds,Panic but hold,Against,Communication Services,Adult Entertainment,Partial,No,Maybe,Growth over income,66,High,TRUE
CUST-0122,Charlotte,Mehta,43,12-01-1981,Female,Widowed,1,Houston,USA,USD,MBA,Software Engineer,Under Review,26-11-2022,Individual Brokerage,476501,2217413,1107375,862262,2476,18,528116,1.11,35%,No,Preservation,Aggressive,10,4.1,ESG,Russell 2000,Advanced,Medium,Semi-Annual,4,20,Yes,No experience,Buy more,Mild Preference,"Utilities, Industrials, Healthcare",None,Yes,No,Maybe,No preference,43,Low,FALSE
CUST-0123,Layla,Kumar,49,15-10-1975,Non-binary,Married,3,Delhi,India,INR,Master's,Professor,Verified,26-04-2018,Individual Brokerage,212667,4906849,3024072,2313718,4099,24,1066189,5.01,35%,Yes,Preservation,Conservative,7,4.6,ESG,Russell 2000,Advanced,Medium,Semi-Annual,8,13,No,Diversified,Consult advisor,Mild Preference,Utilities,"Tobacco, Alcohol, Gambling",No,Yes,Yes,No preference,60,Medium,TRUE
CUST-0124,Arjun,Wang,33,20-04-1991,Male,Divorced,4,Singapore,Singapore,SGD,Bachelor's,Architect,Verified,16-12-2020,Roth IRA,178576,193681,86125,47978,2500,6,38156,0.21,37%,No,Aggressive Growth,Very Aggressive,3,27.4,Momentum,MSCI World,Intermediate,High,Semi-Annual,3,38,No,Real Estate,Sell immediately,Mild Preference,"Technology, Consumer Staples",None,No,No,Yes,Growth over income,71,High,TRUE
CUST-0125,Sofia,Shah,28,23-05-1996,Female,Single,0,Chicago,USA,USD,CFA,Business Owner,Verified,02-03-2015,Individual Brokerage,141445,450214,237818,83809,598,6,125426,0.89,35%,Yes,Balanced,Aggressive,15,11.1,Growth,S&P 500,Advanced,High,Quarterly,3,33,No,Stocks only,Consult advisor,Mild Preference,"Materials, Technology, Consumer Staples","Alcohol, Adult Entertainment",Partial,No,Yes,Growth over income,38,Low,TRUE
CUST-0126,Jasmine,Fernandez,41,26-10-1983,Male,Widowed,4,Chennai,India,INR,MBA,Teacher,Under Review,01-05-2018,Joint,234208,507569,349977,349897,4401,1,177348,0.76,32%,Yes,Income,Moderate,3,7.1,Growth,NASDAQ 100,Advanced,Medium,Monthly,4,17,No,Stocks & Bonds,Buy more,Against,"Materials, Energy","Gambling, Weapons",Yes,No,Yes,Growth over income,52,Medium,TRUE
CUST-0127,Sofia,Singh,58,24-02-1966,Female,Single,0,Chennai,India,INR,CFA,Business Owner,Under Review,24-02-2019,Individual Brokerage,541368,14583337,12140890,4204337,6751,6,5350499,9.88,32%,Yes,Aggressive Growth,Aggressive,1,15.5,Blend,MSCI World,Advanced,High,Semi-Annual,2,34,No,Real Estate,Sell immediately,Neutral,"Consumer Staples, Industrials, Technology","Adult Entertainment, Gambling, Energy",No,Yes,No,No preference,55,Medium,TRUE
CUST-0128,Kevin,Fernandez,27,04-06-1997,Non-binary,Single,2,Toronto,Canada,CAD,Bachelor's,Pharmacist,Pending,22-04-2021,401k,158153,324403,126104,70107,421,24,63873,0.4,37%,Yes,Balanced,Aggressive,5,10.9,Momentum,Russell 2000,Beginner,Medium,Monthly,4,26,No,No experience,Panic but hold,Mild Preference,"Energy, Technology, Communication Services","Tobacco, Fossil Fuels, Alcohol",Partial,Yes,Maybe,High dividend,53,Medium,TRUE
CUST-0129,Victoria,Carter,36,14-10-1988,Prefer not to say,Widowed,4,New York,USA,USD,High School,Venture Capitalist,Pending,09-06-2022,Traditional IRA,468870,3489996,2272670,1324861,7725,1,232639,0.5,32%,No,Income,Conservative,7,9.8,Value,MSCI World,Expert,Medium,Semi-Annual,8,10,Yes,Real Estate,Consult advisor,Against,"Real Estate, Utilities","Gambling, Tobacco, Weapons",Partial,No,Maybe,Growth over income,62,Medium,TRUE
CUST-0130,Akira,Torres,46,10-04-1978,Male,Single,0,Los Angeles,USA,USD,Bachelor's,Investment Banker,Under Review,28-09-2021,Trust,157702,1955301,995855,522761,787,18,110120,0.7,22%,No,Aggressive Growth,Aggressive,10,20.6,Dividend,Dow Jones,Advanced,High,Annual,4,28,No,Diversified,Panic but hold,Strong Preference,"Healthcare, Communication Services, Utilities","Fossil Fuels, Energy",No,Yes,No,High dividend,65,High,TRUE
CUST-0131,Arjun,Patel,72,17-05-1952,Male,Single,2,Chicago,USA,USD,High School,Architect,Under Review,29-07-2017,401k,440554,6579852,5440728,3178110,5486,12,2102716,4.77,32%,No,Aggressive Growth,Aggressive,20,25.9,Growth,MSCI World,Intermediate,High,Annual,2,22,No,No experience,Sell immediately,Mild Preference,Financials,None,No,No,No,No preference,57,Medium,TRUE
CUST-0132,Emily,Gupta,41,30-04-1983,Female,Divorced,0,Chicago,USA,USD,Bachelor's,Architect,Verified,06-11-2020,Roth IRA,342763,2020208,964254,418467,5857,0,285846,0.83,22%,No,Aggressive Growth,Moderate,15,19,Growth,NASDAQ 100,Beginner,Low,Monthly,4,23,No,Diversified,Hold,Neutral,Materials,"Alcohol, Energy",Partial,Yes,Yes,Growth over income,32,Low,FALSE
CUST-0133,Michael,Ibrahim,73,26-09-1951,Female,Single,1,Chicago,USA,USD,High School,Software Engineer,Verified,26-05-2021,Trust,648280,12241271,8604875,5669673,1572,18,4145120,6.39,22%,No,Income,Conservative,15,9.3,Momentum,S&P 500,Beginner,High,Quarterly,9,6,Yes,Diversified,Consult advisor,Neutral,Communication Services,Alcohol,No,Yes,Yes,High dividend,74,High,TRUE
CUST-0134,Charlotte,Mehta,24,23-02-2000,Prefer not to say,Single,3,Bangalore,India,INR,PhD,Pharmacist,Pending,28-02-2023,401k,134504,361330,201196,75939,1441,1,123494,0.92,22%,No,Income,Conservative,5,9.5,Dividend,Russell 2000,Expert,High,Monthly,10,8,Yes,Crypto,Hold,Strong Preference,Consumer Staples,None,Partial,Yes,Yes,Growth over income,47,Medium,TRUE
CUST-0135,Michael,Anderson,63,21-03-1961,Non-binary,Single,4,Chennai,India,INR,Master's,Surgeon,Verified,02-01-2018,Traditional IRA,277358,3530798,2579028,1611766,6044,18,323144,1.17,24%,Yes,ESG,Aggressive,1,9.9,Blend,S&P 500,Expert,Low,Monthly,2,20,No,Crypto,Sell immediately,Mild Preference,Consumer Staples,None,Partial,No,No,No preference,41,Low,TRUE
CUST-0136,Yuki,Mehta,36,19-12-1988,Non-binary,Widowed,0,Bangalore,India,INR,MBA,Teacher,Under Review,11-10-2023,Traditional IRA,365821,3468903,1986321,1176440,1726,6,390014,1.07,32%,Yes,Aggressive Growth,Conservative,7,15.5,Momentum,Dow Jones,Expert,Low,Monthly,9,10,Yes,Diversified,Consult advisor,Strong Preference,"Utilities, Financials","Weapons, Tobacco, Fossil Fuels",Yes,No,Maybe,Growth over income,50,Medium,FALSE
CUST-0137,Tanvi,Fujita,69,15-06-1955,Non-binary,Single,1,Chicago,USA,USD,CFA,Pharmacist,Pending,15-04-2021,Roth IRA,66134,1765425,1150133,1005614,51,12,482719,7.3,37%,Yes,Growth,Moderate,10,12.6,Growth,S&P 500,Expert,Low,Annual,6,10,Yes,Stocks only,Buy more,Against,"Technology, Energy",None,Yes,Yes,Yes,Growth over income,46,Medium,TRUE
CUST-0138,Hiroshi,Reddy,72,23-10-1952,Male,Divorced,1,Austin,USA,USD,CFA,Investment Banker,Pending,15-02-2019,Roth IRA,724216,2322601,1208353,413034,1064,0,787515,1.09,22%,Yes,Preservation,Moderate,1,3.5,Blend,MSCI World,Expert,Low,Quarterly,5,20,Yes,Stocks & Bonds,Sell immediately,Strong Preference,"Financials, Real Estate, Healthcare",Weapons,No,Yes,No,No preference,61,Medium,TRUE
CUST-0139,Amara,Okafor,28,11-02-1996,Prefer not to say,Single,1,Chicago,USA,USD,Bachelor's,Lawyer,Under Review,20-06-2016,Individual Brokerage,121736,411004,222647,97312,3008,24,155702,1.28,32%,No,ESG,Moderate,15,7.4,Dividend,Russell 2000,Expert,Low,Quarterly,5,17,Yes,Stocks & Bonds,Sell immediately,Neutral,"Financials, Materials","Energy, Alcohol",Partial,Yes,Maybe,High dividend,45,Medium,TRUE
CUST-0140,Hannah,Williams,24,13-11-2000,Non-binary,Widowed,2,Stockholm,Sweden,SEK,Bachelor's,Marketing Director,Under Review,01-02-2020,Roth IRA,128449,363252,109263,42652,738,0,101272,0.79,35%,No,Aggressive Growth,Very Aggressive,3,15.7,Blend,Russell 2000,Beginner,High,Annual,2,44,No,Diversified,Buy more,Neutral,"Materials, Real Estate",Fossil Fuels,Yes,Yes,Maybe,No preference,54,Medium,TRUE
CUST-0141,Ayesha,Sharma,72,01-08-1952,Male,Divorced,0,London,UK,GBP,CFA,Investment Banker,Verified,14-03-2024,Roth IRA,173304,7374247,3936656,3113249,246,0,340072,1.96,22%,Yes,Growth,Moderate,7,17.9,Growth,Russell 2000,Beginner,High,Semi-Annual,7,20,Yes,Stocks only,Hold,Mild Preference,"Utilities, Financials","Adult Entertainment, Weapons",Partial,No,Yes,No preference,34,Low,TRUE
CUST-0142,Ayesha,Anderson,57,15-04-1967,Non-binary,Married,0,Frankfurt,Germany,EUR,High School,Consultant,Verified,11-11-2024,Trust,490606,10092143,7438070,3419279,2090,18,2104356,4.29,35%,No,Aggressive Growth,Moderate,10,21.9,Value,Russell 2000,Beginner,High,Monthly,6,21,Yes,Stocks & Bonds,Panic but hold,Against,Healthcare,None,Yes,No,Yes,Growth over income,48,Medium,FALSE
CUST-0143,Hiroshi,Garcia,57,26-02-1967,Male,Single,4,Frankfurt,Germany,EUR,Master's,Pharmacist,Under Review,20-06-2015,Traditional IRA,260517,12263840,9798838,5347472,6351,24,1525003,5.85,35%,No,Balanced,Moderate,15,9.4,Dividend,MSCI World,Intermediate,Low,Quarterly,4,14,No,No experience,Buy more,Mild Preference,Consumer Staples,"Adult Entertainment, Fossil Fuels, Gambling",Yes,Yes,No,No preference,45,Medium,TRUE
CUST-0144,James,Carter,61,29-01-1963,Male,Widowed,1,Chicago,USA,USD,MBA,Venture Capitalist,Under Review,16-12-2024,Roth IRA,51940,8360451,5986615,4365167,337,0,3050311,58.73,24%,Yes,Preservation,Moderate,20,4.8,Growth,NASDAQ 100,Expert,Low,Quarterly,6,20,No,Crypto,Sell immediately,Neutral,Materials,None,Yes,Yes,Maybe,Growth over income,67,High,TRUE
CUST-0145,Hiroshi,Nair,63,01-12-1961,Female,Widowed,1,Chennai,India,INR,CFA,Lawyer,Under Review,05-07-2018,Joint,471654,8510793,6345081,2435013,7309,12,2677368,5.68,37%,No,Income,Conservative,20,9,Momentum,Dow Jones,Intermediate,Medium,Quarterly,9,6,No,Real Estate,Hold,Against,Consumer Staples,Energy,Yes,No,No,High dividend,69,High,TRUE
CUST-0146,Grace,Rodriguez,25,23-05-1999,Male,Divorced,2,Berlin,Germany,EUR,Master's,Product Manager,Verified,16-06-2021,Traditional IRA,175483,363894,126618,81327,1945,18,86563,0.49,10%,Yes,Balanced,Moderate,5,9.2,Growth,MSCI World,Beginner,Medium,Monthly,4,11,No,Crypto,Hold,Strong Preference,"Energy, Utilities","Adult Entertainment, Weapons",No,No,Maybe,Growth over income,53,Medium,TRUE
CUST-0147,Jonas,Chopra,45,03-06-1979,Male,Divorced,4,Zurich,Switzerland,CHF,CFA,Surgeon,Under Review,28-03-2020,Joint,299119,1264994,653432,478322,4766,18,313925,1.05,22%,No,ESG,Conservative,1,13.7,Blend,S&P 500,Beginner,High,Annual,7,8,Yes,Diversified,Buy more,Strong Preference,"Communication Services, Utilities","Weapons, Alcohol",No,No,Maybe,Growth over income,50,Medium,TRUE
CUST-0148,Ethan,Iyer,53,20-07-1971,Prefer not to say,Married,4,Amsterdam,Netherlands,EUR,Bachelor's,Professor,Verified,29-08-2024,Roth IRA,395865,265722,135545,116784,1439,6,3888,0.01,22%,Yes,Income,Conservative,5,8.7,Value,Dow Jones,Advanced,Medium,Annual,10,8,Yes,No experience,Hold,Against,"Consumer Staples, Materials, Communication Services",None,Partial,No,Maybe,Growth over income,62,Medium,TRUE
CUST-0149,Kevin,Nakamura,38,10-03-1986,Non-binary,Widowed,3,Sydney,Australia,AUD,Master's,Entrepreneur,Verified,01-07-2021,Individual Brokerage,238271,2072541,1384656,1084658,1884,18,371123,1.56,32%,No,Income,Conservative,5,9.2,Growth,Dow Jones,Advanced,High,Monthly,7,10,Yes,No experience,Hold,Neutral,"Real Estate, Utilities, Communication Services",Adult Entertainment,Partial,Yes,No,Growth over income,57,Medium,TRUE
CUST-0150,Riya,Shah,29,26-03-1995,Prefer not to say,Married,1,Paris,France,EUR,MBA,CFO,Under Review,02-03-2016,Individual Brokerage,111713,442411,217679,112917,2283,0,109346,0.98,32%,No,Aggressive Growth,Very Aggressive,20,15,ESG,Dow Jones,Intermediate,Medium,Quarterly,3,48,No,Diversified,Consult advisor,Mild Preference,Communication Services,"Adult Entertainment, Tobacco, Fossil Fuels",Partial,Yes,Yes,No preference,59,Medium,TRUE
CUST-0151,Natalie,Ibrahim,48,27-11-1976,Prefer not to say,Married,4,Frankfurt,Germany,EUR,Master's,Marketing Director,Under Review,19-12-2016,Individual Brokerage,281601,4452469,2591007,2241985,57,12,1100167,3.91,35%,Yes,Income,Conservative,1,9.9,Dividend,S&P 500,Intermediate,Low,Semi-Annual,10,10,No,Crypto,Consult advisor,Mild Preference,Consumer Staples,Adult Entertainment,Yes,Yes,No,Growth over income,60,Medium,TRUE
CUST-0152,Chiara,Iyer,44,15-04-1980,Non-binary,Divorced,0,Chennai,India,INR,PhD,Venture Capitalist,Under Review,30-08-2020,Traditional IRA,191158,3915556,1847747,1461575,2587,24,384130,2.01,37%,No,Growth,Moderate,20,14.6,Growth,Dow Jones,Advanced,Low,Quarterly,4,14,No,No experience,Consult advisor,Mild Preference,"Consumer Staples, Financials",Energy,Partial,Yes,Yes,High dividend,46,Medium,TRUE
CUST-0153,Sora,Garcia,45,12-08-1979,Prefer not to say,Single,2,Zurich,Switzerland,CHF,Master's,Data Scientist,Verified,10-07-2017,Traditional IRA,134759,1011612,524406,186493,2220,3,368365,2.73,37%,No,Balanced,Moderate,3,12.7,Value,Russell 2000,Beginner,Medium,Quarterly,6,24,Yes,Crypto,Hold,Strong Preference,"Financials, Energy, Healthcare",None,Partial,Yes,Maybe,No preference,43,Low,TRUE
CUST-0154,Akira,Lee,36,07-01-1989,Non-binary,Divorced,3,Amsterdam,Netherlands,EUR,Bachelor's,Teacher,Verified,21-06-2017,Joint,182256,3879700,1858592,1053841,1494,3,938751,5.15,35%,Yes,ESG,Moderate,30,13.5,Growth,NASDAQ 100,Beginner,Low,Monthly,7,18,No,Stocks only,Consult advisor,Neutral,"Real Estate, Technology, Communication Services","Gambling, Alcohol",Partial,No,No,Growth over income,48,Medium,TRUE
CUST-0155,James,Taylor,36,01-04-1988,Prefer not to say,Single,3,New York,USA,USD,PhD,Data Scientist,Pending,26-10-2016,401k,204454,2715866,1686472,987947,1269,6,439594,2.15,32%,No,Balanced,Moderate,5,9.4,Blend,MSCI World,Beginner,Low,Monthly,5,23,Yes,No experience,Sell immediately,Strong Preference,Materials,"Fossil Fuels, Energy, Gambling",No,Yes,Maybe,High dividend,43,Low,TRUE
CUST-0156,Olivia,Suzuki,38,08-07-1986,Male,Married,3,Singapore,Singapore,SGD,PhD,Surgeon,Under Review,24-06-2023,Individual Brokerage,309884,3891328,2233195,2084268,3276,1,148819,0.48,10%,Yes,Growth,Moderate,5,12.6,ESG,MSCI World,Advanced,High,Semi-Annual,4,25,No,Crypto,Sell immediately,Strong Preference,"Communication Services, Energy, Healthcare","Gambling, Fossil Fuels",No,Yes,Yes,Growth over income,50,Medium,TRUE
CUST-0157,Hannah,Rao,56,07-03-1968,Prefer not to say,Widowed,0,Zurich,Switzerland,CHF,High School,Entrepreneur,Under Review,01-12-2017,Roth IRA,262629,6235627,4778179,2659530,1755,0,2248924,8.56,10%,Yes,ESG,Conservative,7,9.3,Value,MSCI World,Expert,Low,Quarterly,9,7,Yes,Stocks & Bonds,Buy more,Strong Preference,"Energy, Communication Services, Utilities","Weapons, Adult Entertainment",Yes,No,No,High dividend,40,Low,TRUE
CUST-0158,Natalie,Jensen,61,15-04-1963,Non-binary,Divorced,2,Paris,France,EUR,Master's,Software Engineer,Under Review,06-11-2021,Joint,566630,11868598,9522920,8039400,6326,3,4375583,7.72,32%,No,Preservation,Moderate,3,5.8,Growth,S&P 500,Intermediate,High,Monthly,4,18,Yes,Real Estate,Consult advisor,Mild Preference,"Utilities, Healthcare, Industrials","Energy, Adult Entertainment, Tobacco",Yes,No,No,High dividend,66,High,TRUE
CUST-0159,Sebastian,Shah,24,26-06-2000,Prefer not to say,Married,0,Berlin,Germany,EUR,Bachelor's,Data Scientist,Pending,18-07-2023,Traditional IRA,118547,488065,220246,142531,1624,3,10037,0.08,22%,Yes,Income,Conservative,1,8.3,Blend,S&P 500,Advanced,Medium,Semi-Annual,8,13,Yes,Stocks & Bonds,Consult advisor,Mild Preference,"Healthcare, Financials, Utilities",None,Partial,No,Maybe,No preference,64,Medium,TRUE
CUST-0160,Mohammed,Jensen,50,10-08-1974,Female,Widowed,2,Toronto,Canada,CAD,High School,Doctor,Under Review,10-05-2019,Roth IRA,494525,319967,169107,63066,7154,0,112268,0.23,10%,No,ESG,Conservative,15,12.4,ESG,Russell 2000,Advanced,Medium,Semi-Annual,9,9,No,Real Estate,Hold,Mild Preference,Communication Services,Fossil Fuels,Partial,No,No,No preference,46,Medium,TRUE
CUST-0161,Kavya,Pereira,56,11-08-1968,Prefer not to say,Single,3,Frankfurt,Germany,EUR,Bachelor's,Retired Executive,Under Review,27-02-2017,Joint,706325,4980072,4191652,3450878,9428,24,1935565,2.74,10%,Yes,Balanced,Aggressive,1,10.5,Growth,MSCI World,Intermediate,Low,Quarterly,5,35,No,Real Estate,Panic but hold,Strong Preference,"Materials, Utilities, Industrials",None,Partial,Yes,Yes,No preference,42,Low,TRUE
CUST-0162,Tanvi,Diaz,35,13-03-1989,Female,Married,2,Chennai,India,INR,Bachelor's,CFO,Under Review,26-11-2019,Roth IRA,118264,608262,373446,194444,2004,12,75326,0.64,37%,Yes,Aggressive Growth,Very Aggressive,3,18.5,Growth,Russell 2000,Intermediate,Low,Annual,2,37,Yes,Real Estate,Consult advisor,Mild Preference,Materials,None,No,Yes,No,Growth over income,59,Medium,TRUE
CUST-0163,Noah,Taylor,40,05-03-1984,Prefer not to say,Widowed,0,San Francisco,USA,USD,Bachelor's,Entrepreneur,Under Review,03-09-2021,Traditional IRA,440029,4996950,3473719,2673973,9234,18,1657824,3.77,24%,No,ESG,Moderate,3,12.4,Growth,S&P 500,Advanced,Low,Quarterly,6,13,Yes,No experience,Panic but hold,Against,"Industrials, Financials, Communication Services",None,Partial,No,Yes,High dividend,49,Medium,TRUE
CUST-0164,Michael,Fernandez,59,08-05-1965,Female,Divorced,2,Dubai,UAE,AED,CFA,Software Engineer,Verified,31-08-2024,Individual Brokerage,583053,10784732,7206455,2786884,4714,6,3747610,6.43,35%,No,ESG,Moderate,1,12,Value,NASDAQ 100,Advanced,Low,Annual,6,13,Yes,Stocks & Bonds,Sell immediately,Against,Real Estate,Weapons,Partial,No,Maybe,Growth over income,49,Medium,TRUE
CUST-0165,Aisha,Wang,51,01-04-1973,Prefer not to say,Married,3,Chicago,USA,USD,MBA,Professor,Pending,05-07-2019,Joint,280410,4492794,1933877,735224,5477,12,1166349,4.16,10%,No,Growth,Very Aggressive,5,10.3,Value,Dow Jones,Beginner,High,Quarterly,2,47,No,Stocks only,Hold,Against,"Utilities, Consumer Staples, Communication Services",None,No,No,Maybe,Growth over income,65,High,TRUE
CUST-0166,Julia,Varma,57,24-12-1967,Prefer not to say,Divorced,0,Berlin,Germany,EUR,Bachelor's,Investment Banker,Verified,11-02-2021,Joint,558221,12621644,7739034,6140033,3312,0,1155343,2.07,24%,Yes,ESG,Conservative,30,10.9,Dividend,NASDAQ 100,Advanced,Medium,Annual,10,6,No,No experience,Sell immediately,Mild Preference,"Utilities, Materials","Adult Entertainment, Energy, Fossil Fuels",Partial,Yes,Yes,High dividend,35,Low,TRUE
CUST-0167,Aditi,Garcia,73,26-01-1951,Male,Married,0,Paris,France,EUR,PhD,Business Owner,Verified,02-05-2015,Roth IRA,665561,11204689,6556014,3231970,7083,6,964630,1.45,37%,No,Balanced,Moderate,3,10.5,Momentum,Dow Jones,Beginner,Medium,Semi-Annual,4,22,No,Crypto,Sell immediately,Strong Preference,"Technology, Materials, Consumer Staples","Energy, Tobacco",No,Yes,Yes,High dividend,40,Low,TRUE
CUST-0168,Ethan,Chopra,73,11-05-1951,Non-binary,Widowed,1,Austin,USA,USD,PhD,Surgeon,Pending,24-07-2024,Roth IRA,625633,11813249,7017017,3399696,6856,0,1235876,1.98,35%,Yes,Income,Very Aggressive,10,8.1,Blend,MSCI World,Intermediate,Low,Semi-Annual,1,41,Yes,Diversified,Consult advisor,Mild Preference,Healthcare,"Weapons, Energy",Partial,No,Yes,No preference,45,Medium,FALSE
CUST-0169,Ethan,Taylor,35,10-08-1989,Prefer not to say,Married,0,Paris,France,EUR,Bachelor's,Financial Analyst,Under Review,10-07-2022,Trust,466670,4080021,2036747,1613543,8861,18,428867,0.92,10%,No,Aggressive Growth,Aggressive,1,25.7,Value,MSCI World,Expert,High,Annual,2,32,No,Real Estate,Sell immediately,Strong Preference,"Utilities, Financials, Real Estate",Tobacco,Partial,Yes,Maybe,High dividend,55,Medium,TRUE
CUST-0170,Daniel,Rivera,35,22-04-1989,Non-binary,Married,4,Bangalore,India,INR,High School,Consultant,Under Review,13-04-2015,Traditional IRA,365653,4095830,2591242,1752067,2707,24,1389870,3.8,24%,Yes,Aggressive Growth,Very Aggressive,7,20.6,Momentum,Dow Jones,Intermediate,High,Annual,1,34,No,Stocks & Bonds,Buy more,Mild Preference,"Consumer Staples, Energy",None,No,No,Yes,No preference,61,Medium,TRUE
CUST-0171,Jasmine,Thomas,48,06-10-1976,Prefer not to say,Divorced,0,Stockholm,Sweden,SEK,High School,Teacher,Pending,20-02-2023,Traditional IRA,147891,1342666,650211,637263,2717,0,428310,2.9,10%,Yes,Growth,Moderate,7,13.3,Value,MSCI World,Advanced,High,Annual,6,15,Yes,Stocks & Bonds,Sell immediately,Neutral,"Utilities, Healthcare",Fossil Fuels,Yes,No,Maybe,No preference,36,Low,TRUE
CUST-0172,Ethan,Fujita,62,14-07-1962,Male,Divorced,3,Los Angeles,USA,USD,CFA,Retired Executive,Under Review,16-04-2018,Roth IRA,737551,1382299,1074088,499160,707,3,388681,0.53,32%,Yes,Growth,Conservative,7,17.6,Momentum,NASDAQ 100,Advanced,Medium,Annual,7,11,Yes,Stocks only,Hold,Neutral,"Materials, Healthcare, Industrials",None,Yes,Yes,Yes,Growth over income,49,Medium,FALSE
CUST-0173,Natalie,Rao,66,20-08-1958,Prefer not to say,Married,1,Zurich,Switzerland,CHF,CFA,Financial Analyst,Under Review,28-04-2018,Joint,349793,13471641,9839049,7374949,3331,18,4111728,11.75,32%,No,Aggressive Growth,Moderate,3,23.7,Growth,MSCI World,Expert,Medium,Semi-Annual,5,14,No,Real Estate,Sell immediately,Mild Preference,Industrials,"Energy, Weapons",No,Yes,Maybe,Growth over income,44,Low,FALSE
CUST-0174,Julia,Nair,23,23-08-2001,Female,Married,3,Berlin,Germany,EUR,CFA,Teacher,Pending,04-11-2016,Individual Brokerage,127578,97212,53214,37848,812,18,9132,0.07,22%,Yes,ESG,Aggressive,7,7.1,Momentum,S&P 500,Intermediate,High,Quarterly,4,29,No,No experience,Sell immediately,Against,Technology,None,No,Yes,Yes,Growth over income,50,Medium,TRUE
CUST-0175,Alejandro,Carter,43,27-07-1981,Male,Single,3,Austin,USA,USD,CFA,Data Scientist,Under Review,13-09-2023,401k,117640,506823,236373,223253,2396,1,151809,1.29,24%,Yes,Income,Moderate,1,10,Value,Russell 2000,Intermediate,Medium,Semi-Annual,4,17,No,Stocks & Bonds,Sell immediately,Mild Preference,Utilities,"Fossil Fuels, Alcohol, Energy",Partial,Yes,Maybe,No preference,50,Medium,TRUE
CUST-0176,Sara,Ibrahim,33,19-08-1991,Prefer not to say,Divorced,1,Bangalore,India,INR,MBA,Surgeon,Pending,20-07-2019,Individual Brokerage,53584,186213,80804,69052,711,24,203,0,24%,No,Preservation,Conservative,5,3.6,Dividend,S&P 500,Beginner,Medium,Quarterly,9,9,No,Real Estate,Consult advisor,Neutral,"Utilities, Consumer Staples",Tobacco,Partial,No,Maybe,No preference,67,High,TRUE
CUST-0177,Maria,Lee,50,29-07-1974,Female,Divorced,0,Chicago,USA,USD,CFA,Surgeon,Pending,12-04-2016,Joint,436226,1372471,682595,305296,5965,0,380911,0.87,10%,Yes,Preservation,Conservative,20,5.5,Value,Dow Jones,Advanced,Medium,Quarterly,8,14,Yes,Stocks & Bonds,Consult advisor,Against,"Utilities, Consumer Staples, Financials","Tobacco, Fossil Fuels, Adult Entertainment",Partial,Yes,No,High dividend,54,Medium,TRUE
CUST-0178,Carlos,Wang,51,08-08-1973,Female,Widowed,4,Sydney,Australia,AUD,High School,Civil Engineer,Under Review,07-07-2023,Individual Brokerage,211124,2405994,1584499,565813,741,24,439733,2.08,37%,Yes,Aggressive Growth,Very Aggressive,5,16.9,Dividend,NASDAQ 100,Beginner,Medium,Semi-Annual,2,38,No,Diversified,Sell immediately,Strong Preference,"Materials, Utilities","Energy, Weapons",No,Yes,Yes,No preference,60,Medium,TRUE
CUST-0179,James,Zhang,24,05-06-2000,Female,Divorced,0,London,UK,GBP,High School,Teacher,Under Review,11-10-2015,Trust,175340,198805,112428,45597,2367,12,66208,0.38,10%,No,Preservation,Moderate,7,6,Value,Dow Jones,Intermediate,High,Annual,5,20,No,Stocks & Bonds,Consult advisor,Strong Preference,"Communication Services, Real Estate","Alcohol, Tobacco, Gambling",Partial,No,Yes,No preference,60,Medium,TRUE
CUST-0180,Jonas,Kapoor,48,17-02-1976,Prefer not to say,Divorced,4,Frankfurt,Germany,EUR,Master's,Software Engineer,Under Review,15-03-2016,Trust,439435,1084138,694294,556787,9454,3,64780,0.15,35%,No,Balanced,Aggressive,3,12.5,Value,NASDAQ 100,Expert,High,Annual,2,27,Yes,Real Estate,Buy more,Neutral,Utilities,Fossil Fuels,Partial,Yes,No,Growth over income,55,Medium,TRUE
CUST-0181,Ishaan,Garcia,40,21-05-1984,Male,Widowed,4,Sydney,Australia,AUD,Bachelor's,Consultant,Verified,05-08-2016,Roth IRA,417818,4566139,3123278,3080260,4251,6,1127880,2.7,10%,Yes,Balanced,Aggressive,5,7.3,Blend,Russell 2000,Expert,Medium,Monthly,5,28,Yes,Stocks & Bonds,Panic but hold,Against,"Healthcare, Utilities","Alcohol, Tobacco",Yes,No,Yes,High dividend,49,Medium,TRUE
CUST-0182,Jasmine,Fujita,28,21-01-1996,Female,Divorced,1,Boston,USA,USD,CFA,Venture Capitalist,Under Review,19-05-2022,401k,178194,385713,124060,81791,3013,0,39991,0.22,37%,No,ESG,Conservative,3,13.1,Blend,S&P 500,Beginner,High,Monthly,8,10,No,Stocks & Bonds,Consult advisor,Neutral,Consumer Staples,"Adult Entertainment, Gambling",Yes,Yes,Yes,High dividend,39,Low,TRUE
CUST-0183,Emily,Suzuki,60,14-09-1964,Prefer not to say,Divorced,0,Paris,France,EUR,PhD,Architect,Verified,22-08-2021,Trust,305223,12835710,8398412,3384038,7262,3,2055627,6.73,22%,No,Balanced,Aggressive,3,10.3,Momentum,Dow Jones,Advanced,High,Annual,5,29,No,Stocks & Bonds,Hold,Mild Preference,"Materials, Consumer Staples, Technology",Fossil Fuels,Partial,No,Maybe,High dividend,44,Low,TRUE
CUST-0184,Isabella,Carter,44,30-03-1980,Male,Divorced,4,Chicago,USA,USD,PhD,Lawyer,Under Review,21-12-2018,Trust,401518,2485834,1025169,761291,2341,6,634383,1.58,32%,No,Growth,Very Aggressive,15,12.8,Momentum,NASDAQ 100,Intermediate,Medium,Annual,3,44,No,Stocks only,Buy more,Against,"Communication Services, Financials, Utilities",Alcohol,Partial,No,Maybe,Growth over income,56,Medium,TRUE
CUST-0185,Alejandro,Srivastava,38,01-08-1986,Non-binary,Divorced,4,Berlin,Germany,EUR,High School,Product Manager,Pending,15-09-2023,401k,217658,3282127,1771383,532390,3198,18,269182,1.24,37%,No,Preservation,Aggressive,3,3.5,Growth,Dow Jones,Intermediate,High,Annual,4,30,Yes,Real Estate,Panic but hold,Against,Healthcare,Energy,Partial,No,Yes,No preference,41,Low,FALSE
CUST-0186,Deepak,Singh,26,20-11-1998,Male,Single,2,New York,USA,USD,CFA,Retired Executive,Under Review,21-12-2022,Traditional IRA,175005,296135,124771,77065,2995,0,88913,0.51,37%,Yes,Aggressive Growth,Very Aggressive,30,24.2,Growth,Dow Jones,Intermediate,Medium,Annual,1,50,No,Stocks & Bonds,Panic but hold,Strong Preference,"Energy, Technology, Industrials","Tobacco, Energy",No,Yes,No,Growth over income,62,Medium,TRUE
CUST-0187,Deepak,Ibrahim,41,17-01-1983,Non-binary,Widowed,0,Chennai,India,INR,Bachelor's,Investment Banker,Verified,01-10-2020,Joint,222032,2059209,887909,382404,901,3,9332,0.04,37%,No,Growth,Aggressive,10,10.3,Value,NASDAQ 100,Beginner,High,Annual,5,22,Yes,Stocks only,Hold,Strong Preference,Utilities,None,No,Yes,Yes,High dividend,67,High,TRUE
CUST-0188,Hannah,Garcia,36,04-07-1988,Prefer not to say,Divorced,0,Frankfurt,Germany,EUR,MBA,Professor,Verified,08-10-2019,Traditional IRA,210071,4737901,3175135,1021771,4117,3,174900,0.83,10%,No,Balanced,Aggressive,20,12.1,Growth,MSCI World,Expert,High,Semi-Annual,4,20,No,Diversified,Hold,Neutral,Energy,"Adult Entertainment, Weapons, Alcohol",Yes,No,Yes,Growth over income,45,Medium,TRUE
CUST-0189,Sofia,Gupta,36,03-10-1988,Prefer not to say,Single,1,Houston,USA,USD,High School,CFO,Under Review,12-10-2019,401k,390588,3605300,1605878,616116,7391,12,1096389,2.81,35%,No,Preservation,Conservative,5,6.5,Value,S&P 500,Beginner,High,Quarterly,10,15,No,No experience,Panic but hold,Mild Preference,"Industrials, Real Estate, Financials",None,No,Yes,Maybe,No preference,63,Medium,TRUE
CUST-0190,Charlotte,Lee,42,28-10-1982,Prefer not to say,Married,1,Delhi,India,INR,MBA,Professor,Under Review,12-02-2016,401k,187919,4780134,1918242,1872616,3224,3,623825,3.32,22%,Yes,Growth,Moderate,7,15.4,ESG,Dow Jones,Intermediate,Medium,Semi-Annual,6,22,Yes,No experience,Consult advisor,Neutral,"Energy, Materials, Technology","Tobacco, Alcohol",No,Yes,Maybe,No preference,44,Low,TRUE
CUST-0191,Arjun,Anderson,74,26-04-1950,Non-binary,Divorced,0,Berlin,Germany,EUR,PhD,Civil Engineer,Pending,15-10-2024,Joint,262528,5748815,4722553,2877511,1013,0,623580,2.38,10%,No,Preservation,Moderate,15,6.7,Dividend,Russell 2000,Intermediate,Low,Monthly,6,22,Yes,No experience,Buy more,Neutral,Healthcare,"Gambling, Alcohol, Weapons",Partial,Yes,No,High dividend,58,Medium,TRUE
CUST-0192,Noah,Rivera,57,10-06-1967,Non-binary,Married,0,Bangalore,India,INR,PhD,Investment Banker,Verified,04-11-2019,Trust,598420,8911465,4871886,4214799,8640,18,2488726,4.16,32%,Yes,Preservation,Moderate,15,5.3,Blend,MSCI World,Expert,High,Monthly,4,10,No,Stocks only,Consult advisor,Neutral,"Real Estate, Consumer Staples, Energy","Energy, Gambling",Partial,No,No,No preference,65,High,TRUE
CUST-0193,Carlos,Williams,49,12-01-1976,Non-binary,Widowed,1,London,UK,GBP,Bachelor's,CFO,Pending,15-07-2024,Roth IRA,476313,1411256,874297,764951,1296,24,330925,0.69,35%,No,Growth,Very Aggressive,10,16.3,Growth,NASDAQ 100,Beginner,Low,Semi-Annual,1,37,Yes,Stocks & Bonds,Buy more,Strong Preference,"Financials, Technology","Energy, Fossil Fuels, Tobacco",Yes,No,No,High dividend,55,Medium,TRUE
CUST-0194,Ethan,Chopra,47,22-12-1977,Non-binary,Divorced,4,Dubai,UAE,AED,CFA,Consultant,Pending,24-04-2019,Trust,133498,4722982,2923158,997761,2286,0,1447681,10.84,22%,No,Growth,Moderate,10,15,ESG,MSCI World,Beginner,Low,Semi-Annual,7,20,Yes,Diversified,Sell immediately,Against,"Materials, Energy, Financials","Fossil Fuels, Energy, Weapons",Partial,Yes,No,High dividend,40,Low,TRUE
CUST-0195,Daniel,Sharma,36,02-04-1988,Male,Single,3,Berlin,Germany,EUR,Bachelor's,Product Manager,Pending,28-10-2015,Roth IRA,241922,2962409,1413444,1107571,1224,12,578162,2.39,35%,Yes,ESG,Aggressive,30,11.2,Momentum,Dow Jones,Beginner,Low,Semi-Annual,3,24,No,Diversified,Consult advisor,Against,Consumer Staples,"Alcohol, Energy, Gambling",Partial,Yes,Yes,No preference,46,Medium,TRUE
CUST-0196,Shreya,Kim,71,28-01-1953,Male,Single,3,London,UK,GBP,CFA,Investment Banker,Verified,01-04-2017,Joint,66788,745958,592534,524944,1020,3,240882,3.61,37%,No,Growth,Very Aggressive,15,14.8,Growth,S&P 500,Expert,Low,Semi-Annual,2,42,No,Diversified,Sell immediately,Mild Preference,"Energy, Technology",None,Partial,No,No,Growth over income,61,Medium,TRUE
CUST-0197,Amelia,Chopra,68,14-09-1956,Prefer not to say,Widowed,1,Boston,USA,USD,High School,Financial Analyst,Under Review,26-07-2018,401k,374613,664744,424123,286787,3218,18,190394,0.51,37%,No,Balanced,Aggressive,10,8.3,Dividend,Dow Jones,Expert,Medium,Quarterly,4,20,No,Stocks only,Consult advisor,Mild Preference,Utilities,Tobacco,Yes,Yes,No,Growth over income,36,Low,TRUE
CUST-0198,Sofia,Rao,30,29-07-1994,Non-binary,Widowed,0,Austin,USA,USD,PhD,Teacher,Pending,06-01-2015,Trust,90837,476054,145911,141699,1201,12,28422,0.31,35%,No,Balanced,Aggressive,30,11.6,Dividend,Russell 2000,Intermediate,Medium,Quarterly,2,27,No,Crypto,Sell immediately,Against,"Communication Services, Industrials",None,Partial,No,Maybe,Growth over income,45,Medium,TRUE
CUST-0199,Nikhil,Miller,30,12-06-1994,Male,Widowed,0,Mumbai,India,INR,PhD,Civil Engineer,Under Review,07-08-2018,Roth IRA,70512,407515,124718,84551,1347,24,43407,0.62,22%,No,Income,Moderate,1,9.5,ESG,Russell 2000,Beginner,Low,Quarterly,6,23,No,Stocks & Bonds,Buy more,Neutral,Technology,"Energy, Fossil Fuels",Partial,No,Yes,High dividend,58,Medium,TRUE
CUST-0200,Sofia,Kapoor,35,28-08-1989,Non-binary,Divorced,2,Mumbai,India,INR,Master's,Software Engineer,Under Review,04-05-2023,Traditional IRA,320875,3661089,2344153,1158111,1694,18,1141764,3.56,35%,Yes,ESG,Aggressive,7,11.6,ESG,Russell 2000,Advanced,High,Monthly,3,33,No,Crypto,Hold,Neutral,"Consumer Staples, Healthcare, Financials",None,Yes,No,Yes,No preference,49,Medium,TRUE
CUST-0201,Fatima,Wilson,48,27-12-1976,Female,Widowed,0,Los Angeles,USA,USD,Master's,Product Manager,Verified,21-12-2016,401k,191133,4501375,2978932,1228991,602,6,519508,2.72,32%,Yes,Income,Moderate,30,7.6,Dividend,Russell 2000,Intermediate,Low,Annual,7,19,Yes,Real Estate,Panic but hold,Mild Preference,"Materials, Industrials","Fossil Fuels, Weapons",Partial,Yes,Yes,Growth over income,62,Medium,TRUE
CUST-0202,Hiroshi,Mehta,58,01-10-1966,Female,Widowed,4,Frankfurt,Germany,EUR,Master's,Surgeon,Under Review,28-07-2015,Individual Brokerage,253305,12796517,6558335,5957023,1031,12,2001834,7.9,35%,Yes,Balanced,Very Aggressive,7,9.2,Value,NASDAQ 100,Beginner,Low,Quarterly,1,46,No,Crypto,Hold,Mild Preference,"Communication Services, Materials","Gambling, Alcohol, Adult Entertainment",Yes,No,Maybe,High dividend,42,Low,FALSE
CUST-0203,Samuel,Zhang,56,13-05-1968,Prefer not to say,Single,3,Mumbai,India,INR,PhD,Retired Executive,Verified,13-07-2020,Roth IRA,395438,6654736,4822522,1791365,314,1,1572855,3.98,32%,No,Aggressive Growth,Aggressive,10,22.6,Dividend,Russell 2000,Expert,Low,Semi-Annual,4,32,No,No experience,Consult advisor,Mild Preference,Technology,"Weapons, Tobacco",Yes,No,Yes,No preference,50,Medium,TRUE
CUST-0204,Olivia,Rodriguez,36,23-11-1988,Male,Widowed,1,Toronto,Canada,CAD,Master's,Entrepreneur,Under Review,20-02-2020,Roth IRA,101998,3213204,1835834,921030,648,12,925964,9.08,32%,No,Growth,Moderate,15,16.3,Blend,NASDAQ 100,Advanced,Medium,Quarterly,7,11,No,Stocks only,Buy more,Neutral,"Energy, Real Estate",Tobacco,No,Yes,Yes,No preference,43,Low,TRUE
CUST-0205,Benjamin,Wilson,32,31-10-1992,Non-binary,Married,3,Tokyo,Japan,JPY,MBA,Retired Executive,Verified,29-04-2016,Individual Brokerage,44398,195867,90140,68803,474,18,12699,0.29,10%,No,ESG,Aggressive,3,6.9,Dividend,Russell 2000,Expert,High,Quarterly,4,34,No,Stocks & Bonds,Panic but hold,Mild Preference,Energy,"Fossil Fuels, Alcohol",No,Yes,No,No preference,50,Medium,TRUE
CUST-0206,Liam,Edwards,29,16-04-1995,Non-binary,Divorced,3,Austin,USA,USD,CFA,Architect,Under Review,24-04-2024,Individual Brokerage,115886,102650,40982,14151,2737,1,4983,0.04,24%,Yes,Growth,Conservative,1,14.9,Momentum,Dow Jones,Expert,High,Semi-Annual,7,12,No,Real Estate,Sell immediately,Neutral,Utilities,"Gambling, Alcohol",Yes,Yes,No,Growth over income,48,Medium,FALSE
CUST-0207,Amelia,Williams,34,11-06-1990,Female,Widowed,1,Amsterdam,Netherlands,EUR,High School,CFO,Pending,02-03-2022,Traditional IRA,118023,236358,132445,80722,344,18,62903,0.53,24%,Yes,Balanced,Conservative,5,10.7,Momentum,S&P 500,Advanced,Medium,Annual,10,7,Yes,No experience,Panic but hold,Against,"Technology, Communication Services","Fossil Fuels, Alcohol",Partial,No,Yes,Growth over income,43,Low,FALSE
CUST-0208,Maria,Varma,31,06-08-1993,Non-binary,Married,3,Sydney,Australia,AUD,MBA,Professor,Under Review,31-03-2022,Individual Brokerage,85235,104217,47465,17086,939,24,27196,0.32,24%,No,ESG,Moderate,3,6.2,Momentum,S&P 500,Beginner,High,Annual,5,18,Yes,Stocks only,Buy more,Strong Preference,Communication Services,"Tobacco, Weapons",Partial,No,Maybe,High dividend,55,Medium,TRUE
CUST-0209,Hiroshi,Gupta,52,24-08-1972,Male,Married,2,Boston,USA,USD,MBA,Investment Banker,Pending,21-02-2021,Traditional IRA,463470,965720,511810,398808,9228,0,56877,0.12,22%,No,Preservation,Moderate,10,5.7,Dividend,S&P 500,Advanced,Low,Semi-Annual,6,18,No,Crypto,Sell immediately,Against,"Technology, Energy","Gambling, Fossil Fuels",No,No,Yes,No preference,67,High,TRUE
CUST-0210,Kevin,Nair,73,06-03-1951,Non-binary,Widowed,0,San Francisco,USA,USD,CFA,Consultant,Under Review,24-12-2015,Individual Brokerage,448759,4386780,3017340,1154479,1082,12,1631027,3.63,24%,Yes,Preservation,Conservative,30,5.8,Value,Russell 2000,Expert,Medium,Annual,7,7,No,Diversified,Consult advisor,Mild Preference,"Technology, Healthcare, Real Estate","Weapons, Tobacco, Energy",Partial,Yes,Maybe,High dividend,71,High,TRUE
CUST-0211,Emily,Rao,67,19-06-1957,Prefer not to say,Single,4,Toronto,Canada,CAD,High School,Marketing Director,Under Review,01-10-2020,Individual Brokerage,562643,1699298,1377811,951313,8295,0,449628,0.8,32%,No,Income,Conservative,10,5.1,ESG,Dow Jones,Beginner,High,Annual,9,14,No,No experience,Sell immediately,Strong Preference,"Technology, Healthcare, Utilities","Alcohol, Gambling",Partial,No,No,No preference,57,Medium,TRUE
CUST-0212,Aisha,Srivastava,39,17-10-1985,Male,Married,1,Seattle,USA,USD,CFA,Surgeon,Verified,04-04-2021,Traditional IRA,279562,843779,401844,172257,3068,12,94134,0.34,10%,No,ESG,Conservative,5,13.4,Momentum,S&P 500,Beginner,Medium,Quarterly,8,8,Yes,Diversified,Panic but hold,Strong Preference,Utilities,"Fossil Fuels, Tobacco",No,Yes,Maybe,Growth over income,54,Medium,TRUE
CUST-0213,Elena,Taylor,59,09-11-1965,Female,Single,0,Mumbai,India,INR,Master's,Consultant,Pending,24-02-2018,Joint,241303,11041996,6945111,4455307,1358,12,2420537,10.03,37%,No,Income,Conservative,3,5.6,Blend,MSCI World,Expert,Low,Quarterly,8,9,No,Real Estate,Buy more,Neutral,"Real Estate, Communication Services, Technology",Weapons,Partial,Yes,Maybe,No preference,66,High,TRUE
CUST-0214,Tanvi,Rodriguez,22,09-05-2002,Female,Single,1,Frankfurt,Germany,EUR,Master's,Teacher,Verified,26-08-2018,Trust,158165,429193,169507,149094,865,6,103054,0.65,22%,No,Balanced,Moderate,3,7.8,ESG,Russell 2000,Intermediate,High,Monthly,4,20,No,Crypto,Panic but hold,Strong Preference,Real Estate,"Fossil Fuels, Tobacco",Yes,No,No,Growth over income,36,Low,TRUE
CUST-0215,Benjamin,Hansen,75,14-04-1949,Male,Single,3,San Francisco,USA,USD,CFA,Investment Banker,Pending,21-11-2015,401k,251601,8856782,4465947,2444121,3992,3,147009,0.58,35%,No,Preservation,Aggressive,1,4.7,Blend,MSCI World,Expert,High,Monthly,2,35,Yes,Diversified,Consult advisor,Neutral,"Financials, Utilities, Healthcare","Weapons, Adult Entertainment, Alcohol",No,No,Yes,High dividend,56,Medium,FALSE
CUST-0216,Kevin,Rahman,43,18-12-1981,Female,Married,0,London,UK,GBP,MBA,Product Manager,Verified,10-01-2019,Traditional IRA,287729,1251047,862995,413719,6635,3,442838,1.54,24%,No,Preservation,Moderate,7,3.9,Blend,S&P 500,Expert,Low,Quarterly,6,13,Yes,Stocks & Bonds,Consult advisor,Mild Preference,Materials,"Alcohol, Weapons",No,No,Maybe,Growth over income,63,Medium,TRUE
CUST-0217,Sofia,Garcia,71,29-06-1953,Non-binary,Married,3,Frankfurt,Germany,EUR,CFA,Business Owner,Verified,04-12-2019,Traditional IRA,257192,2192030,1695834,630965,2684,12,485032,1.89,32%,No,Aggressive Growth,Aggressive,3,23.7,Blend,Russell 2000,Advanced,Medium,Annual,4,24,No,Stocks & Bonds,Hold,Neutral,Communication Services,"Energy, Gambling, Weapons",Partial,Yes,Maybe,Growth over income,65,High,TRUE
CUST-0218,Liam,Kim,35,22-11-1989,Non-binary,Widowed,2,Delhi,India,INR,High School,Architect,Under Review,01-01-2018,Trust,483415,2142779,1200868,540160,8935,18,51297,0.11,10%,No,Income,Moderate,7,5.3,Dividend,S&P 500,Intermediate,High,Annual,4,10,Yes,Crypto,Sell immediately,Mild Preference,Real Estate,None,Yes,No,Maybe,High dividend,65,High,TRUE
CUST-0219,Gabriel,Sharma,48,11-06-1976,Non-binary,Divorced,3,New York,USA,USD,CFA,Consultant,Pending,21-02-2018,Individual Brokerage,439541,1264671,788564,458582,742,1,185759,0.42,35%,No,Growth,Moderate,15,16.9,ESG,Dow Jones,Intermediate,Medium,Annual,7,17,Yes,Crypto,Buy more,Neutral,Utilities,Adult Entertainment,No,Yes,Maybe,High dividend,45,Medium,TRUE
CUST-0220,Carlos,Diaz,34,08-08-1990,Male,Widowed,3,San Francisco,USA,USD,Bachelor's,CFO,Verified,27-11-2022,Joint,162467,133090,69135,41973,2641,0,47868,0.29,10%,Yes,Balanced,Aggressive,7,12.8,Blend,Dow Jones,Expert,High,Annual,2,35,No,Stocks & Bonds,Panic but hold,Against,"Real Estate, Industrials, Materials","Alcohol, Energy",Partial,Yes,Maybe,Growth over income,39,Low,TRUE
CUST-0221,Meera,Rodriguez,53,20-07-1971,Prefer not to say,Married,1,Chicago,USA,USD,CFA,Consultant,Under Review,05-01-2020,Joint,315698,3502161,2045152,632427,7730,0,995168,3.15,32%,Yes,Income,Conservative,10,5.8,Growth,Dow Jones,Advanced,High,Annual,9,9,Yes,Real Estate,Consult advisor,Strong Preference,"Industrials, Real Estate","Energy, Alcohol, Adult Entertainment",No,No,Maybe,No preference,49,Medium,TRUE
CUST-0222,Aisha,Sharma,33,18-05-1991,Female,Married,1,Austin,USA,USD,PhD,Product Manager,Verified,16-11-2021,Joint,133406,277554,144135,105467,3078,3,61314,0.46,35%,No,Aggressive Growth,Aggressive,10,17.7,Growth,MSCI World,Beginner,Low,Annual,5,32,No,Stocks & Bonds,Consult advisor,Against,"Healthcare, Technology",Gambling,Partial,Yes,No,Growth over income,79,High,TRUE
CUST-0223,Wei,Reddy,54,24-11-1970,Prefer not to say,Divorced,1,Toronto,Canada,CAD,High School,Teacher,Pending,06-01-2020,Roth IRA,131298,1109035,507634,279562,2906,0,388256,2.96,24%,Yes,Growth,Very Aggressive,1,16.9,Value,Dow Jones,Advanced,Medium,Annual,1,49,No,Real Estate,Sell immediately,Mild Preference,"Communication Services, Financials, Technology",None,No,No,No,Growth over income,56,Medium,TRUE
CUST-0224,Grace,Zhou,73,07-02-1951,Prefer not to say,Divorced,3,Tokyo,Japan,JPY,Bachelor's,Retired Executive,Verified,23-04-2015,Individual Brokerage,179915,14416966,10232833,3894508,2191,6,1294844,7.2,24%,Yes,Growth,Very Aggressive,10,15,Growth,Dow Jones,Beginner,Medium,Semi-Annual,2,39,Yes,Stocks only,Buy more,Mild Preference,"Utilities, Financials",Energy,Yes,No,Yes,No preference,64,Medium,TRUE
CUST-0225,Charlotte,Das,36,20-06-1988,Prefer not to say,Married,2,Seattle,USA,USD,PhD,Surgeon,Pending,16-07-2017,Traditional IRA,427170,2086068,1191161,1166329,91,6,429200,1,35%,Yes,Balanced,Aggressive,7,11.7,Growth,S&P 500,Advanced,Low,Quarterly,5,31,Yes,No experience,Sell immediately,Neutral,"Utilities, Technology, Consumer Staples","Adult Entertainment, Alcohol",Partial,No,Maybe,High dividend,44,Low,TRUE
CUST-0226,Thomas,Hansen,56,24-03-1968,Non-binary,Married,1,Paris,France,EUR,PhD,Investment Banker,Under Review,27-05-2018,Trust,476250,12313370,8243201,7642916,8876,18,716125,1.5,22%,Yes,ESG,Moderate,30,6,Value,Russell 2000,Beginner,Low,Quarterly,4,25,Yes,Stocks & Bonds,Hold,Neutral,"Materials, Consumer Staples, Technology","Adult Entertainment, Tobacco, Fossil Fuels",No,Yes,Yes,Growth over income,45,Medium,TRUE
CUST-0227,Riya,Varma,32,01-07-1992,Male,Single,4,Amsterdam,Netherlands,EUR,CFA,CFO,Under Review,31-08-2020,Roth IRA,152277,311347,110427,75382,1438,12,121112,0.8,22%,Yes,Aggressive Growth,Moderate,1,25.7,ESG,S&P 500,Expert,High,Quarterly,4,18,No,No experience,Panic but hold,Strong Preference,"Healthcare, Technology, Consumer Staples","Alcohol, Weapons, Adult Entertainment",Partial,No,Maybe,No preference,46,Medium,FALSE
CUST-0228,Meera,Fernandez,30,16-02-1994,Male,Widowed,0,Austin,USA,USD,Bachelor's,Consultant,Pending,17-06-2020,Roth IRA,56914,225818,128670,107491,53,3,3080,0.05,24%,Yes,Balanced,Conservative,15,7,ESG,S&P 500,Advanced,Low,Semi-Annual,8,15,No,Diversified,Sell immediately,Mild Preference,"Real Estate, Industrials","Alcohol, Gambling, Tobacco",No,Yes,Maybe,No preference,46,Medium,FALSE
CUST-0229,Alejandro,Reddy,56,12-07-1968,Non-binary,Single,4,Houston,USA,USD,High School,Investment Banker,Under Review,09-01-2018,Traditional IRA,455431,11299473,9453562,7290530,2492,3,3989281,8.76,35%,No,ESG,Conservative,5,10.9,Value,Russell 2000,Advanced,High,Quarterly,7,11,No,Real Estate,Consult advisor,Mild Preference,"Consumer Staples, Industrials",None,Yes,Yes,No,No preference,43,Low,TRUE
CUST-0230,Amara,Nakamura,27,24-12-1997,Prefer not to say,Single,4,Austin,USA,USD,CFA,Architect,Verified,15-02-2018,Roth IRA,152215,158940,91867,46861,822,6,22211,0.15,37%,Yes,Growth,Moderate,15,13.4,Blend,S&P 500,Beginner,Low,Semi-Annual,4,15,Yes,Stocks only,Hold,Against,"Energy, Materials, Communication Services",Alcohol,Partial,No,Yes,No preference,64,Medium,TRUE
CUST-0231,Sofia,Lee,48,14-12-1976,Female,Married,4,Seattle,USA,USD,Bachelor's,Pharmacist,Under Review,02-10-2024,Traditional IRA,350211,1399168,711861,618007,8670,18,208882,0.6,22%,No,Preservation,Conservative,3,5,ESG,MSCI World,Expert,Medium,Monthly,9,11,No,Real Estate,Hold,Mild Preference,"Financials, Communication Services, Healthcare","Adult Entertainment, Weapons, Gambling",Yes,Yes,Yes,High dividend,64,Medium,TRUE
CUST-0232,Sora,Lee,61,22-07-1963,Female,Widowed,4,Mumbai,India,INR,High School,Civil Engineer,Under Review,01-10-2022,Joint,415642,12235505,8732852,3070796,8680,1,4112212,9.89,10%,Yes,Balanced,Aggressive,5,10.1,Dividend,MSCI World,Advanced,High,Monthly,5,21,Yes,Real Estate,Panic but hold,Neutral,"Healthcare, Materials, Technology","Weapons, Alcohol",No,No,No,High dividend,40,Low,TRUE
CUST-0233,Kavya,Fernandez,29,01-03-1995,Female,Married,4,San Francisco,USA,USD,MBA,Business Owner,Under Review,11-01-2016,Trust,60230,349450,187827,139069,907,12,30970,0.51,10%,No,ESG,Moderate,1,10.8,Momentum,S&P 500,Beginner,High,Monthly,4,14,No,Real Estate,Sell immediately,Against,Industrials,Tobacco,No,Yes,No,High dividend,40,Low,TRUE
CUST-0234,Rahul,Williams,63,23-04-1961,Prefer not to say,Married,1,Singapore,Singapore,SGD,Master's,Business Owner,Verified,08-11-2018,Individual Brokerage,158366,4449294,3288556,1964822,2307,12,363853,2.3,22%,Yes,ESG,Aggressive,20,8.8,Growth,NASDAQ 100,Beginner,Medium,Semi-Annual,3,35,No,Crypto,Hold,Against,Utilities,"Adult Entertainment, Energy, Alcohol",No,No,No,Growth over income,48,Medium,TRUE
CUST-0235,Gabriel,Singh,22,13-08-2002,Female,Widowed,2,Singapore,Singapore,SGD,High School,Financial Analyst,Pending,05-09-2019,401k,127039,327997,181961,170974,2032,3,92613,0.73,37%,No,Income,Conservative,3,6.6,Momentum,Russell 2000,Expert,Low,Quarterly,7,6,Yes,Diversified,Panic but hold,Neutral,"Industrials, Communication Services, Utilities","Tobacco, Weapons",Partial,Yes,Yes,No preference,59,Medium,TRUE
CUST-0236,Hiroshi,Williams,25,03-11-1999,Female,Divorced,3,Los Angeles,USA,USD,MBA,Product Manager,Under Review,02-09-2021,Traditional IRA,61626,479839,206114,96583,1141,3,105523,1.71,32%,No,ESG,Moderate,7,13.6,Blend,NASDAQ 100,Advanced,Low,Monthly,5,25,Yes,Stocks only,Panic but hold,Neutral,"Healthcare, Financials, Consumer Staples",None,Yes,Yes,Yes,High dividend,40,Low,TRUE
CUST-0237,Thomas,Das,55,01-12-1969,Female,Widowed,1,Austin,USA,USD,High School,Venture Capitalist,Pending,04-10-2017,Traditional IRA,502780,3146996,2640050,1340586,9751,1,683443,1.36,10%,No,Growth,Aggressive,15,11.9,Dividend,Russell 2000,Advanced,Low,Quarterly,3,29,Yes,Crypto,Buy more,Against,Energy,"Weapons, Fossil Fuels",Partial,Yes,Maybe,Growth over income,52,Medium,TRUE
CUST-0238,Amara,Kim,63,08-10-1961,Non-binary,Divorced,2,Sydney,Australia,AUD,Bachelor's,Consultant,Pending,17-06-2023,Joint,366266,13075009,9902333,3350869,1756,0,263004,0.72,32%,No,Growth,Very Aggressive,30,14.6,Dividend,Dow Jones,Advanced,Low,Semi-Annual,2,36,Yes,No experience,Sell immediately,Mild Preference,"Materials, Healthcare",None,Partial,Yes,No,High dividend,55,Medium,TRUE
CUST-0239,Carlos,Bose,22,14-04-2002,Male,Divorced,4,Berlin,Germany,EUR,CFA,Surgeon,Pending,11-03-2016,Trust,109640,272941,112015,107511,873,12,46011,0.42,32%,Yes,Preservation,Conservative,10,4,Growth,MSCI World,Advanced,Low,Quarterly,8,7,Yes,Diversified,Sell immediately,Against,Financials,None,Yes,No,Yes,Growth over income,67,High,TRUE
CUST-0240,Shreya,Wang,73,02-01-1952,Male,Divorced,1,Chennai,India,INR,PhD,Business Owner,Pending,21-03-2022,Individual Brokerage,679874,2659937,1417211,1374709,5855,12,672499,0.99,35%,Yes,Balanced,Conservative,1,8.1,Value,Dow Jones,Intermediate,Medium,Monthly,7,15,Yes,Stocks only,Hold,Strong Preference,"Real Estate, Energy, Healthcare",Energy,Yes,Yes,Yes,Growth over income,45,Medium,FALSE
CUST-0241,Isabella,Iyer,75,05-08-1949,Male,Divorced,4,Sydney,Australia,AUD,Master's,Teacher,Verified,16-02-2021,Traditional IRA,157892,12998310,6873365,2137312,2207,6,652610,4.13,35%,No,Income,Very Aggressive,7,7.1,ESG,S&P 500,Beginner,Low,Monthly,2,50,No,No experience,Sell immediately,Strong Preference,"Utilities, Industrials, Real Estate",None,Partial,Yes,No,No preference,51,Medium,FALSE
CUST-0242,Gabriel,Nair,26,10-12-1998,Female,Widowed,2,Toronto,Canada,CAD,Master's,Professor,Pending,26-08-2018,Traditional IRA,86431,45996,14832,4859,541,1,2038,0.02,10%,Yes,Income,Conservative,20,7.9,ESG,Russell 2000,Expert,Medium,Quarterly,9,5,Yes,Stocks only,Consult advisor,Against,"Technology, Consumer Staples","Adult Entertainment, Weapons",No,No,Yes,No preference,52,Medium,TRUE
CUST-0243,Fatima,Miller,29,30-06-1995,Prefer not to say,Single,2,Boston,USA,USD,PhD,Venture Capitalist,Pending,20-10-2019,401k,53788,219527,67929,35855,491,6,80817,1.5,32%,No,Income,Moderate,20,5.2,Dividend,S&P 500,Beginner,Low,Annual,5,11,No,Stocks only,Sell immediately,Mild Preference,Technology,None,Partial,No,Yes,No preference,54,Medium,TRUE
CUST-0244,Samuel,Torres,74,01-12-1950,Non-binary,Divorced,4,Seattle,USA,USD,MBA,Professor,Verified,24-11-2018,Roth IRA,114323,3285680,1717330,1654578,1469,24,1100706,9.63,22%,Yes,Income,Conservative,30,7.8,Growth,S&P 500,Expert,High,Semi-Annual,7,9,No,Real Estate,Buy more,Against,Financials,Alcohol,Yes,No,Yes,Growth over income,73,High,TRUE
CUST-0245,Aditi,Jensen,28,14-07-1996,Non-binary,Divorced,4,Boston,USA,USD,CFA,Architect,Pending,24-11-2016,Trust,84646,69352,25730,22691,549,12,13048,0.15,35%,No,ESG,Aggressive,5,8.7,Dividend,Dow Jones,Advanced,Medium,Quarterly,5,33,No,Stocks only,Sell immediately,Strong Preference,"Real Estate, Communication Services","Energy, Gambling, Tobacco",No,Yes,Yes,No preference,47,Medium,TRUE
CUST-0246,Sora,Varma,44,19-09-1980,Male,Divorced,3,Los Angeles,USA,USD,Bachelor's,Architect,Verified,27-08-2021,Trust,316617,4926444,3261082,2987870,5310,3,704858,2.23,24%,No,Growth,Aggressive,3,17.3,ESG,NASDAQ 100,Beginner,Low,Monthly,2,35,No,Diversified,Buy more,Strong Preference,"Real Estate, Financials","Tobacco, Adult Entertainment",Yes,No,Yes,No preference,58,Medium,TRUE
CUST-0247,Sebastian,Edwards,70,23-04-1954,Non-binary,Single,1,Sydney,Australia,AUD,CFA,Investment Banker,Under Review,18-10-2024,Traditional IRA,412575,14125359,10597306,7001047,3537,3,1870647,4.53,10%,Yes,ESG,Conservative,1,7.4,Growth,MSCI World,Beginner,Medium,Semi-Annual,9,10,No,Diversified,Hold,Mild Preference,Energy,None,No,No,Maybe,High dividend,46,Medium,TRUE
CUST-0248,Yuki,Lee,24,20-04-2000,Male,Single,1,Stockholm,Sweden,SEK,Bachelor's,Professor,Under Review,10-02-2021,Roth IRA,90857,339656,183159,57004,1044,18,55959,0.62,35%,No,Preservation,Conservative,20,5.5,Momentum,Russell 2000,Beginner,High,Quarterly,8,15,Yes,No experience,Consult advisor,Against,"Communication Services, Technology",Gambling,Partial,Yes,No,Growth over income,60,Medium,TRUE
CUST-0249,Akira,Nair,63,30-07-1961,Prefer not to say,Single,1,San Francisco,USA,USD,Bachelor's,Data Scientist,Verified,23-11-2018,Traditional IRA,631804,12304759,7223102,4253503,1349,1,1475887,2.34,10%,Yes,ESG,Aggressive,7,10.7,Blend,S&P 500,Advanced,Low,Annual,2,20,No,Stocks & Bonds,Panic but hold,Mild Preference,Industrials,"Fossil Fuels, Adult Entertainment, Gambling",No,Yes,No,No preference,38,Low,TRUE
CUST-0250,Chen,Torres,36,01-12-1988,Non-binary,Single,3,Bangalore,India,INR,PhD,Software Engineer,Under Review,08-12-2020,401k,484912,2635339,1180573,926063,9521,24,216879,0.45,32%,No,Aggressive Growth,Very Aggressive,30,26.6,Dividend,Dow Jones,Expert,Medium,Semi-Annual,3,42,No,Stocks & Bonds,Hold,Mild Preference,"Financials, Energy, Utilities",Gambling,Yes,Yes,Yes,No preference,70,High,TRUE
